0.16822,0.0066515,0,0,0,0,0,0.00052169,0.00036518,0,0.00039127,5.2169e-05,0.0004956,0.00018259,0.062003,0,0,0,0,0,0,0.0025302,0,0.061038,0,0,0,0.025015,0,0.072932,0.0018259,0.02658,0,0,0,0,0.011895,0.00070428,0,0.00052169,0,0,0,0,0,0.0015129,0,0,0.0011738,0.012494,5.2169e-05,0.0017737,7.8253e-05,0.0047213,0,0.0075123,0.018911,0,0.027467,0,0,0,0.0013303,0,0.00054777,0,0,0.0068341,0.0068341,0,0.030701,0.0049039,0,0,0,0.00018259,0.00052169,0.0015651,0.002791,0,0.0081123,0.0031041,0.01539,0.011451,0.0035997,0,0,0,0,0.0003391,0,0,0,0,0,0,0,0,0,0
0.010929,0.24884,0,0,0,0,0,0.00084069,0,0,0,0,0.00084069,0,0,0,0,0,0,0,0,0.001261,0,0.064313,0,0,0.00042034,0,0,0,0,0,0,0,0,0,0,0.00042034,0,0.029424,0.025641,0,0,0,0,0.0029424,0,0,0.0025221,0.0029424,0,0,0,0.00042034,0,0.026482,0.0096679,0.00042034,0.01177,0,0,0,0.00042034,0,0.00042034,0,0,0.0021017,0.0025221,0,0.01261,0.0042034,0,0,0,0.0016814,0.015132,0,0.00084069,0,0.0025221,0,0,0.025221,0.0042034,0,0,0,0,0.00084069,0,0,0,0,0,0,0,0.0016814,0,0
0,0,0.25348,0,0.00043554,0,0,0.00087108,0,0,0,0,0.00087108,0,0.17639,0,0,0.0013066,0,0,0,0.00087108,0,0.034408,0,0,0,0,0,0,0,0.0047909,0,0,0,0,0.00043554,0.00087108,0,0,0,0,0,0,0,0.0034843,0.023519,0,0.0052265,0.0091463,0,0.0013066,0.00087108,0.0069686,0,0.00043554,0,0,0,0.024826,0,0.018728,0.0013066,0,0.0013066,0,0,0.0026132,0.0039199,0,0.017422,0.0052265,0,0,0,0.0021777,0.010017,0.00043554,0.0013066,0,0.0013066,0,0.00087108,0.023955,0.0039199,0,0,0,0,0,0,0,0,0,0,0,0,0,0,0.0065331
0,0,0,0.081301,0,0,0,0,0,0,0,0,0,0,0,0,0,0,0,0,0,0,0,0.089431,0,0,0.03252,0,0,0,0,0.097561,0,0,0,0,0,0,0,0.10569,0,0,0,0,0,0,0,0,0.02439,0.01626,0,0.01626,0,0,0,0.01626,0,0.01626,0.089431,0,0,0,0,0,0,0,0,0,0.0081301,0,0.17886,0.01626,0.02439,0,0,0.01626,0,0,0.0081301,0,0,0,0,0.03252,0,0,0,0,0,0.02439,0,0,0,0,0,0,0,0,0,0
0,0,0,0,0.044716,0,0.04293,0.00030433,0.0001826,2.0289e-05,0.00016231,0,0.00022317,0.00010144,0,0,0,0,0,0,0.00048692,2.0289e-05,0,0.0044432,0,0,0,0,0,0,0,0,0,0,0.0003449,0,0.0057619,0.0019274,0,0.044351,0,0.0032259,0,0,0,0.00089269,0.0044229,0,0.010733,0.0034085,0.00046664,0.00010144,2.0289e-05,0.00042606,0,0.0088052,0,0.00040577,0.0019071,0.0044432,0.0033476,0.00010144,2.0289e-05,0,0.0016637,0,0,0.00038548,0.0069995,2.0289e-05,0.027369,0.0021709,0,0,0,0.0031041,0.00054779,0.0010753,0.013228,0,0.0011362,0.00014202,0,0.0043012,0.005904,0,0,0,0.00010144,0,0,0.00020289,0,0,0,0,0,0,0,0
0.0011805,0,0,0.00065582,0.0039349,0.12369,0.067419,0.00065582,0.00078699,0,0.00039349,0,0.00026233,0.00078699,0,0,0,0,0,0,0,0.0011805,0,0.040792,0,0,0.0083945,0.0038038,0.012723,0,0,0.0026233,0.049843,0.057581,0,0,0.0013116,0.00052466,0,0.011936,0.0035414,0,0,0,0,0.0013116,0,0,0.041186,0.057057,0.0083945,0.001574,0,0.0036726,0,0.00091815,0,0.0061647,0.078961,0.009575,0.0010493,0.00078699,0.0011805,0,0.0010493,0,0,0.001574,0.003148,0,0.051548,0.0060336,0.0011805,0,0,0.0068206,0.001574,0.00078699,0.0026233,0,0.0018363,0,0,0.020724,0.0066894,0,0,0,0,0.00013116,0,0,0,0,0,0,0,0,0,0
0,0,0,0,0,0,0.16715,0.00058582,0.00058582,0,0.0007811,0,0.0007811,0.00058582,0,0,0,0,0,0,0,0.00039055,0,0.00097637,0,0,0.0087873,0,0,0,0,0,0,0,0.0089826,0,0.010154,0.0017575,0,0.096075,0,0,0,0,0,0.002148,0.0023433,0,0.030268,0.016989,0.0015622,0.0007811,0.00097637,0.0007811,0,0.027924,0.00039055,0.0007811,0.0089826,0,0,0,0.004296,0,0.0025386,0,0,0.0044913,0.020113,0,0.052724,0.0039055,0.00058582,0,0,0.029877,0.0044913,0.016012,0.033001,0,0.00097637,0.00039055,0,0.023628,0.0074204,0,0,0,0.052334,0,0,0,0,0,0,0,0,0,0,0
0.28118,0,0,0,0,0,0,0.26353,0.0017818,0.0035211,0.0017394,0.035975,0.002206,0.0087816,0.00012727,0,0,0,0,0,4.2423e-05,0.0083574,0,0.0041575,0,0.00021212,0.00063635,4.2423e-05,0,0,0,0.02609,0,0,4.2423e-05,0,0.00025454,0.00076362,0,0.0061938,0.00016969,0,0,0,0,0.0014848,0,0,0.011369,0.017394,0.0039454,0.0019939,0.0017818,0.0035211,0,0.00080604,0,0.00012727,0.024563,8.4846e-05,0,0.0026302,0.0018242,0,0.0063635,0.00046666,0,0.00029696,0.0037757,0,0.0061938,0.0064908,0.00080604,8.4846e-05,0,0.0032242,0.0035211,0.0018666,0.0024181,0,0.0016545,0.0033939,0,0.0032242,0.015654,0,0,0,0,0.00025454,0,0,0,0,0,0,0,4.2423e-05,0,0
0.14209,0,0.15929,0,0,0,0,0.00046494,0.093361,0.018598,0.0060443,0.013111,0.00027897,0.049656,0,0,0,0,0,0,0,0.015436,0,0.0025107,0,0,9.2989e-05,9.2989e-05,0,9.2989e-05,0,0.026316,0,0.00018598,9.2989e-05,0.00027897,0.0024177,0.0014878,0,0.00037195,0.00018598,0,0,0,0,0.0018598,0,0,0.011066,0.019993,0.012275,0.0037195,0.0025107,0.0036266,0,0.00027897,0,0,0.042775,0,0,0.00027897,0.015436,0,0.0067882,0.00027897,0,0.0013948,0.0066022,9.2989e-05,0.023619,0.0055793,0,0.00018598,0,0.0069741,0.0029756,0.00027897,0.0015808,0,0.0051144,0.014506,0,0.0047424,0.023619,0,0,0,0,0.0012089,0,0,0,0,0,0,0,0,0,0
0.065856,0,0,0,0,0,0,0.029382,0.0020263,0.57447,0.011145,0.0010132,0.0040527,0.0030395,0,0,0,0,0,0,0,0.010132,0,0.012158,0,0,0,0,0,0,0,0.025329,0,0,0,0,0,0,0,0.0010132,0,0,0,0,0,0,0,0,0.0040527,0.027356,0.043566,0.006079,0.0030395,0.0070922,0,0,0,0.0010132,0.037487,0,0,0.0010132,0.0030395,0,0.0020263,0.0020263,0,0.0010132,0.0050659,0,0.024316,0.0091185,0,0,0,0.0030395,0.0081054,0,0.012158,0,0.0081054,0.026342,0,0.0050659,0.0091185,0,0,0,0,0.0030395,0.0010132,0,0,0,0,0,0,0,0,0
0.42744,0,0,0,0,0,0,0.00093721,0.0042955,0.0036707,0.1612,0.0005467,0.00085911,0.015073,0,0,0,0,0,0,7.8101e-05,0.0063261,0,0.0065604,0,0.0011715,0.0006248,0,0,0,0,0.044986,0,7.8101e-05,7.8101e-05,0,0.00085911,0.0004686,0,0.0002343,7.8101e-05,0,0,0,0,0,0,0,0.010309,0.01234,0.0076539,0.0016401,0.0011715,0.0032021,0,0,0,7.8101e-05,0.024758,7.8101e-05,0,7.8101e-05,0.0020306,0,0.045455,0.0003905,0,0.0002343,0.0021868,0,0.011715,0.0064042,0.0006248,7.8101e-05,0,0.0035926,0.0099969,0,0.0043736,0,0.0057013,0.00070291,0,0.0075758,0.0047641,0,0,0,0.0002343,0.0002343,0.0002343,0,0,0,0,0,0,0,0,0
0.22991,0,0,0,0,0,0,0.0088692,0.019124,0.10449,0.0034645,0.15687,0.00097007,0.083287,0,0.0018016,0,0,0,0,0,0.030211,0,0.0029102,0,0,0.00041574,0.00013858,0,0,0.00041574,0.0054047,0,0,0,0,0,0.0013858,0,0.0081763,0,0,0,0,0,0.00041574,0,0,0.010116,0.02051,0.010671,0.0031874,0.00013858,0.0011086,0,0,0,0,0.021757,0.00041574,0,0.00083149,0.0049889,0,0.0030488,0,0,0.00097007,0.0038803,0,0.019401,0.0054047,0.0006929,0,0,0.0062361,0.021341,0.0012472,0.0024945,0,0.004296,0.0015244,0,0.0027716,0.0034645,0,0,0,0.00027716,0.0015244,0,0,0,0,0,0,0,0,0,0
0.0020183,0,0,0,0,0,0,0.011799,0.026937,0.027791,0.056591,0.092144,0.023521,0.080578,0,0,0,0,0,0,0,0.039435,0,0.0050458,0,0,0,0.00015526,0,0,0,0.049682,0,0,0,0,0.0019407,0.0017854,0,0.0095482,0.00031051,0,0,0,0,0.00062102,0,0,0.01211,0.019096,0.016069,0.0017078,0.00062102,0.0023288,0,0,0,0,0.031983,0,0,0.00054339,0.007918,0,0.0019407,0,0,0.0011644,0.0052011,7.7628e-05,0.024841,0.0051234,0,0,0,0.016923,0.0086167,0.0015526,0.0010092,0,0.011101,0.007918,0,0.0043472,0.020804,0,0,0,0,0.00077628,0,0,0,0,0,0,0,0,0,0
0.017415,0,0,0,0,0,0,0.05207,0.054421,0.016675,0.0293,0.010362,0.010754,0.17184,0,0.00026122,4.3537e-05,0,4.3537e-05,0,4.3537e-05,0.02277,0,0.0012626,0,0.00017415,0.00997,0.00017415,0,0,0,0.040446,0,0.023989,0,0.00017415,0.0070094,0.0013061,0,0.008838,8.7074e-05,0,0,0,0,0.00039183,0,0,0.0063129,0.014803,0.014585,0.0019592,0.0012626,0.0040489,0,0,0,0,0.027167,4.3537e-05,4.3537e-05,0.0008272,0.01711,0,0.005834,0.00017415,0,0.00078366,0.0047891,0.00056598,0.03927,0.0050503,0.0003483,0,0,0.0014367,0.0040925,0.00056598,0.0023945,0,0.017154,0.0091863,0,0.0027428,0.014585,0,0,0,8.7074e-05,0.00074013,0,0,0,0,0,0,0,4.3537e-05,0,4.3537e-05
0.17258,0,0,0,0,0,0,0.032934,0.016409,0.02665,0.0004655,0.13837,0.00058187,0.035494,0.20412,0,0,0,0,0,0,0.024555,0,0.013965,0,0,0.0016292,0,0,0,0.01059,0.0034912,0,0,0,0,0,0.001862,0,0.00034912,0,0,0,0,0,0.00023275,0,0,0.008728,0.01443,0.0024438,0.0011637,0,0.0022111,0,0,0,0,0.020133,0,0,0,0.0041895,0,0.0004655,0.00081462,0,0.00093099,0.0066333,0,0.012452,0.007797,0,0,0,0.0025602,0.0024438,0.0004655,0.0011637,0,0.019085,0.023275,0,0.003724,0.0048877,0,0,0,0.00011637,0.00081462,0,0,0,0,0,0,0,0,0,0
0.09433,0,0,0,0.0001185,0,0,0.0041477,0.0045624,0.00023701,0.0030219,0.066125,0.0041477,0.0053327,0,0.094448,0.0015406,0,0,0,0,0.017716,0,0.0077028,0,0,0,0.0015406,0,0,0,0.0029626,0,0.041832,0,0,0.0027256,0.00071103,0,0.0074065,0,0,0,0,0,0,0,0,0.014043,0.010488,0.012561,0.0024293,0.0013628,0.0074065,0,0,0,0.00077028,0.040529,0.00047402,0.00035551,0.019316,0.0090656,0,0.0015406,0.00053327,0,0.001185,0.011258,0.00035551,0.031759,0.0048587,0.0017183,0,0,0.00634,0.01345,0.0028441,0.0024886,0,0.039403,0.0042069,0,0.0023108,0.0047402,0,0,0,0,0.0024886,0.00065177,0.00071103,0,0,0,0,0.001185,0,0,0
0,0,0,0,0,0,0,0.00046978,0.051362,0,0.00031319,0,0.00031319,0.095521,0,0.00015659,0.047448,0,0,0,0,0.015346,0,0.0017225,0,0,0,0.0040714,0.0487,0,0,0.15142,0,0.035233,0,0,0.017225,0.0023489,0,0.044785,0.0010961,0,0,0,0,0,0,0,0.010022,0.012371,0.0021923,0.005011,0.00078296,0.0023489,0,0,0,0,0.045725,0,0,0.00093956,0.0059505,0,0.0020357,0,0,0.00093956,0.0068901,0,0.0079862,0.0056373,0,0,0,0.005011,0.0057939,0.01331,0.0014093,0,0.019887,0.017382,0,0.0045412,0.0061071,0,0,0,0,0.00093956,0,0,0,0,0,0,0,0,0,0
0.0039172,0,0,0,0,0,0,0.0006995,0.0004197,0,0.0004197,0,0.0005596,0.0004197,0,0,0,0.1876,0.0008394,0,0.0001399,0.0030778,0.0002798,0.0019586,0,0,0,0.0005596,0.080862,0.010632,0,0.0277,0,0.0001399,0,0,0.0016788,0.0012591,0,0.018467,0,0,0,0,0.0002798,0.0015389,0,0,0.008394,0.015809,0.0079743,0.0019586,0.0008394,0.0022384,0,0,0,0.0001399,0.016648,0,0.0005596,0.0020985,0.012591,0,0.00097929,0.0002798,0,0.0018187,0.0030778,0.0008394,0.021265,0.0051763,0.0004197,0.0019586,0,0.0032177,0.01343,0.0025182,0.0051763,0,0.006995,0.001399,0,0.0020985,0.0039172,0,0,0,0,0.0019586,0.0016788,0,0,0,0,0,0,0,0,0
0.00024631,0,0,0,0,0,0,0,0,0,0,0,0.00049261,0,0,0,0,0.29557,0.012069,0.00024631,0,0.00098522,0,0.0017241,0,0,0,0,0,0,0,0.00049261,0,0,0,0,0.00024631,0.0014778,0,0.0019704,0,0,0,0,0,0.0034483,0,0,0.0044335,0.0051724,0.0024631,0.00049261,0,0.0017241,0,0.00024631,0,0,0.0081281,0,0,0.016749,0.018473,0,0.0024631,0.0051724,0,0.0014778,0.0068966,0.00024631,0.053202,0.0024631,0.00073892,0,0,0.00098522,0.0041872,0.005665,0,0,0.016256,0.0036946,0,0.0012315,0.0051724,0,0,0,0.00024631,0.00098522,0.00073892,0,0,0,0,0,0,0,0,0
0.0088496,0,0,0,0,0,0,0.0022124,0,0,0,0,0,0,0,0,0,0.025442,0,0.073009,0,0.0044248,0,0.0011062,0,0,0.065265,0,0.081858,0,0,0.005531,0,0,0,0,0.0044248,0.012168,0,0,0,0,0,0,0,0.0088496,0,0,0.0022124,0.014381,0.0088496,0.0022124,0.0022124,0.0066372,0,0,0,0,0.036504,0,0,0.0033186,0.047566,0,0.005531,0.0011062,0,0.0011062,0.011062,0,0.034292,0.0044248,0,0.0033186,0,0.016593,0.017699,0.011062,0.0033186,0,0.040929,0.025442,0,0.0033186,0.015487,0,0,0,0,0.0066372,0,0,0,0,0,0,0,0,0,0
0,0.063863,0,0,0,0,0,0.00070373,0.00035186,0,0.00043983,0,0.00070373,0.00043983,0,0,0,0,0,0,0.31976,0.0055419,0,0.0044863,0.0057178,0,0.040904,0,0.00017593,0,0,0.0039585,0.00017593,0.011787,0,0,0.01469,0.0010556,0,0.0092365,0,0,0,0,0.00035186,0.0014075,0,0,0.0075651,0.01513,0.011436,0.0012315,0.0002639,0.0020232,0,0.0019353,0,0,0.030876,0,0,0.00017593,0.0065095,0,0.0036066,0,0,0.0021112,0.0029909,0,0.018649,0.0054539,0,0.00043983,0,0.00061576,0.0047502,8.7966e-05,0.0010556,0,0.002639,0,0,0.0058058,0.0042224,0,0,0,0.00017593,8.7966e-05,0,0,0,0,0,0,0,0,0,0
0.0032231,0.011019,0,0,0,0,0,0.00059966,0.00059966,0,0.00059966,0.003448,0.00067461,0.00059966,0,0,0,0.011993,0,0,0.038678,0.2535,0.00044974,0.0027734,0.032007,0,0.022487,0.0018739,0.014617,0.0041976,0,0.049247,0,0,0,0,0.0072708,0.0019489,0,0.012893,0,0,0,0,0,0.00022487,0,0,0.0057717,0.045049,0.028409,0.0031482,0.0025485,0.0085451,0,0,0,0,0.037104,0,0.00014991,0.00089948,0.0074207,0,0.00089948,0.00037478,0,0.0020238,0.0053969,0,0.020688,0.0061465,0.00037478,0.015741,0,0.0041976,0.0062964,0.0026235,0.0005247,0,0.0060715,0.00067461,0,0.0043475,0.0045724,0,0,0,0,0.0010494,0,0,0,0,0,0,0,0,0,0
0,9.5111e-05,0,0,0,0,0,0.00038045,0.00019022,0,0.00038045,0,0.00047556,0.00028533,0,0,0,0.00095111,0,0,0,0.19669,0.084744,0.0018071,0.026916,0,0.014172,0,0.00057067,0,0,0.063154,0,0,0,0,0.0076089,0.0062773,0,0.013696,0,0,0,0,0,0.00076089,0,0,0.0091307,0.031482,0.0080845,0.00095111,9.5111e-05,0.0013316,0,9.5111e-05,0,0,0.018737,0.00019022,0,0,0.0032338,0,0,0.0050409,0,0.016169,0.0064676,0.0019022,0.012935,0.0036142,0.00076089,0.005992,0,0.00095111,0.0045653,0.0018071,0,0,0.0049458,0.011413,0,0.0015218,0.0043751,0,0,0,0,0,0,0,0,0,0,0,0,0,0,0
0,0,0,0.00046107,0.79186,0,0,0.00028543,0.00010978,2.1956e-05,0.0001976,0,0.00017565,0.00010978,0,0,0,0,0,0,0,0.0001976,0,0.058205,0,0,0.0041277,0,0.015193,0,0,0.00052694,0,0,6.5867e-05,0,0.0001976,0.00017565,0,0.00087823,0,0,0,0,0,2.1956e-05,0,0,0.0048083,0.013657,0.00079041,0.00061476,6.5867e-05,0.0017565,0,0.0036666,0,0,0.0028762,0.0047864,0,0,4.3912e-05,0,4.3912e-05,0,0,0.00010978,0.00024151,0,0.012054,0.0068063,0.0014052,0,0,0.00015369,0.00013173,0,0.0030958,0,0.00015369,0.00013173,0,0.00037325,0.00052694,0,0,0,0.0003952,0.0003952,0,0,0,0,0,0,0,0,0,0
0,0,0,0,0,0.0027715,0,0.00075586,0.00050391,0.00050391,0.00050391,0,0.00050391,0,0,0,0,0,0,0,0.00050391,0.0042832,0,0.0015117,0.14815,0,0.048123,0.031746,0.11162,0.087176,0,0.017637,0.005543,0,0,0,0.0022676,0.0027715,0,0.0047871,0.00050391,0,0,0,0,0.00075586,0,0,0.010834,0.0095742,0.0022676,0.0012598,0.00025195,0.0037793,0,0.00050391,0,0,0.046107,0,0,0.0025195,0.017637,0,0.0010078,0.00025195,0,0.0020156,0.012094,0,0.025195,0.0047871,0.00075586,0.00025195,0,0.005543,0.0017637,0.0090703,0.0017637,0,0.01285,0.00050391,0,0.0078105,0.0085664,0,0,0,0.00025195,0.0040312,0.0012598,0,0,0,0,0,0,0.00025195,0,0
0,0,0,0,0.00011094,0,0,0.00022188,0.00033282,0.0046594,0.00022188,0,0.00022188,0,0,0,0,0.00011094,0,0,0,0.045596,0,0.00055469,0.00011094,0.095851,0.098513,0.0049922,0.012203,0.001775,0.0047704,0.08276,0.00011094,0.010095,0,0,0.020746,0.0016641,0,0.00011094,0,0,0,0,0,0.00066563,0,0,0.0069891,0.0098735,0.0045485,0.0016641,0.00011094,0.0013313,0,0,0,0.00011094,0.010983,0.00011094,0,0.00077657,0.01886,0,0.001886,0.00055469,0,0.00044375,0.0031063,0.00011094,0.012425,0.0038828,0.0048813,0.00011094,0,0.0076548,0.0073219,0.028178,0.00066563,0,0.032283,0.0023297,0,0.0024406,0.0045485,0,0,0,0.00011094,0.001775,0.00011094,0,0,0,0,0,0,0,0,0
0,0,0,0,0.00065428,0,0,0.00026171,0.00026171,0,0.00026171,0,0.00039257,0.00039257,0,0,0,0,0,0,0,0.010338,0,0.0010468,0.0017011,0,0.41455,0.0049725,0.12601,0.0026171,0,0.014656,0.0015703,0,0,0.0039257,0.013347,0.0075896,0,0.0043182,0,0,0,0,0,0.00026171,0,0,0.0052342,0.0064119,0.003664,0.0015703,0.0015703,0.0023554,0,0,0,0,0.017011,0,0,0.0039257,0.0024863,0,0.0015703,0.0011777,0,0.0013086,0.0071971,0,0.040304,0.0057577,0.0075896,0.0013086,0,0.012824,0.0073279,0.00013086,0.002748,0,0.0030097,0.00013086,0,0.0032714,0.0031405,0,0,0,0,0.0037948,0,0,0,0,0,0,0.00026171,0.00026171,0,0
0.00032175,0,0,0,0.0016088,0.0041828,0,0.00016088,0,0,0.00016088,0,0.00016088,0,0,0,0,0,0,0,0,0.0028958,0,0.0072394,0,0,0.00032175,0.4112,0.016409,0.0024131,0,0.0048263,0,0.00016088,0,0,0.0006435,0.0014479,0,0.0075611,0.00096525,0,0,0,0,0.00032175,0,0,0.0049871,0.096525,0.067568,0.0033784,0.00016088,0.0024131,0,0.0053089,0,0,0.03314,0,0,0,0.0037001,0,0.00096525,0,0,0.00080438,0.0041828,0,0.02397,0.0056306,0.0040219,0,0,0.0088481,0.001287,0.0017696,0.0094916,0,0.0019305,0.00032175,0,0.0033784,0.0033784,0,0,0,0,0.0006435,0,0,0,0,0,0,0,0,0,0
0.00097313,0,0,0,0.03885,0,0,0.00074856,0.00037428,7.4856e-05,0.00052399,0,0.0006737,0.00037428,0,0,0,7.4856e-05,0,0,0,0.00097313,0,0.035182,0,0,0.0016468,0.094244,0.4174,0.0061382,7.4856e-05,0.00089827,0,0.0012726,0,0.0023205,0.00044914,0.0006737,0,0.0028445,0,0,0,0,0,0.00022457,0,0,0.0038925,0.035856,0.033685,0.0020211,0.0011228,0.0035182,0,0.0006737,0,0,0.010854,0,0,0.00262,0.0061382,0,0.0016468,0,0,0.00037428,0.0049405,0,0.032862,0.0044914,0.0068119,0.0018714,0,0.0038925,0.0026948,0.0020211,0.011154,0,0.0006737,0.0028445,0,0.0021708,0.0036679,0,0,0,0.001572,0,0.0017217,0,0,0,0,0,7.4856e-05,0,0,0
0,0.0012925,0,0,0.051271,0,0,0.00043085,0,0,0,0,0,0,0,0,0,0,0,0,0,0.0008617,0,0.00043085,0,0,0,0.034468,0.064196,0.19561,0,0,0,0,0,0,0,0.0008617,0,0.0047393,0.00043085,0,0,0,0,0.0008617,0,0,0.023697,0.029729,0.053425,0.0064627,0.013787,0.014218,0,0.0008617,0,0,0.02025,0,0,0,0.019388,0,0.0038776,0,0,0.0008617,0.0060319,0,0.03576,0.005601,0,0,0,0.028005,0.016803,0.005601,0.011202,0,0.0012925,0.0060319,0,0.0060319,0.0064627,0,0,0,0,0.0043085,0,0,0,0,0,0,0,0,0,0
0.0086334,0,0,0,0,0,0,0.00058484,0.0002785,2.785e-05,0.0003899,5.5699e-05,0.00047345,0.00019495,0,0,0,0,0,0,0,0.0030913,0,5.5699e-05,0,0,0.0079093,0.0015039,0.026903,0,0.26532,0.0081321,0,0.00080764,0,0.0002785,0.0034534,0.0027293,0,0.0065168,0,0,0,0,0,0.0022837,0,0,0.0032863,0.0066004,0.0049016,0.0010304,0.00061269,0.0011418,0,0,0,0,0.0035369,0,0,0.015707,0.0013646,0,0.0010861,0.00069624,0,0.0015596,0.015735,0.00041775,0.026931,0.0035369,0.00025065,0,0,0.030941,0.017991,0.0032584,0.013841,0,0.0056535,0.0034812,0,0.00086334,0.006294,0,0,0,0.013619,0.0047345,0.0024229,0.0015317,0,0,0,0,0,0,0,0
0,0.0005803,0,0,0,0,0,0.00050776,0.00025388,3.6269e-05,0.00032642,0,0.00039896,0.00018134,0,0,0,0.00090672,0,0,7.2537e-05,0.016212,3.6269e-05,0.0031916,0.0028652,7.2537e-05,0.015487,0.0027564,0.24227,0.0055854,0,0.14558,0,0.019186,3.6269e-05,0.021072,0.024989,0.0022487,0.00032642,0.008777,0.00072537,0,0,0,0.00014507,0.0021399,0,0,0.010119,0.025642,0.011425,0.0010155,0.00036269,0.0030828,0,0.0044973,0,0,0.024917,7.2537e-05,3.6269e-05,0.00018134,0.004461,0,0.001487,0,0,0.0013057,0.0042797,0,0.022849,0.0048237,0.00025388,0.011679,0,0.0010881,0.0051139,0.006746,0.00083418,0,0.0043522,0.0025751,0,0.0037719,0.0084506,0,0,0,0.016539,0.00079791,0.00043522,7.2537e-05,7.2537e-05,0,0,0,0,3.6269e-05,0,0
0,0,0,0.0063504,0,0.058554,0,0.00056033,0.00037355,0,0.00046694,0,0.00046694,0.00028016,0,0,0,0,0,0,0.011954,0.016997,0,0.023814,0.0013074,0,0.021479,0.00084049,0.030445,0.0029884,0,0.0083115,0.087318,0.0029884,0.026149,0.0013074,0.01709,0.0010273,0.00037355,0.030258,0.0032686,0,0,0,0,0.00056033,0,0,0.036328,0.02839,0.01186,0.0013074,9.3388e-05,0.0031752,0,0.016063,0,9.3388e-05,0.085544,0.00018678,0,0.00018678,0.003362,0,0.0038289,0,0,0.001214,0.0043892,0.00018678,0.027363,0.005043,0.00093388,0,0,0.0042025,0.010086,0.00018678,0.0086851,0,0.0015876,0.0064438,0,0.010833,0.010459,0,0,0,0.00018678,0.00018678,0,0,0,0,0,0,0,0,0,0
0,0,0,0.00035659,0.00047545,0.099132,0,0.00023773,0,0,0,0,0,0,0,0,0,0.002615,0,0,0,0.0032093,0,0.036729,0.00059432,0,0.00011886,0.020207,0.023178,0,0,0.010341,0.040651,0.0523,0.0010698,0.0030905,0.04707,0.0029716,0.00047545,0.014501,0.0074884,0,0,0,0,0.0065375,0,0,0.019613,0.035065,0.032688,0.0027339,0,0.003447,0,0.0036848,0,0,0.020088,0.0011886,0,0.001783,0.014501,0,0.00035659,0,0,0.0013075,0.0071318,0,0.046119,0.0051111,0.0019018,0,0,0.0061809,0.0061809,0.00023773,0.013432,0,0.0045168,0,0,0.0064186,0.0032093,0,0,0,0.02092,0.00071318,0.00083205,0.00071318,0,0,0,0,0,0,0,0.00023773
0,0.00034551,0,0.030232,0.04198,0,0,0,0,0.00034551,0,0,0.00060465,0.00034551,0,0,0,0,0,0,0,0.00069103,0,0.0037143,0,0,0,0.0015548,0.0051827,0,0,0,0,0.028764,0.30241,0.052691,0.080677,0.00051827,0,0.022804,0.00034551,0,0,0,0,8.6378e-05,0,0,0.028937,0.021767,0.017016,0.0012093,8.6378e-05,0.019003,0,0,0,0.0019867,0.018139,0.00086378,0.0074285,0,0.0019867,0,0.0016412,0.0015548,0,0.00060465,0.0065647,0,0.013648,0.0088106,0.0024186,0.0007774,0,0.0076877,0.0089833,0.00069103,0.0021595,0,0.00060465,8.6378e-05,0,0.013993,0.0019867,0,0,0,8.6378e-05,0.00095016,0,0,0,0,0,0,0,0,0,0
0,0,0,0,0.053169,0.0024858,0,0.00055241,0.0002762,0,0.00069051,0,0.00041431,0.0002762,0,0,0,0,0,0,0,0.00041431,0,0.0012429,0,0,0.00041431,0.00096672,0.001381,0,0,0.0002762,0,0.0012429,0.038669,0.38834,0.010358,0.00055241,0.0002762,0.0089767,0.00041431,0,0,0,0,0.00096672,0,0,0.0066289,0.023339,0.011739,0.00055241,0.0011048,0.0063527,0,0,0,0,0.011048,0,0,0.00096672,0.0055241,0,0.00055241,0.0024858,0,0.00055241,0.0049717,0,0.027482,0.0045574,0.00096672,0.00082861,0,0.0029002,0.0017953,0.00041431,0.013396,0,0.00041431,0.00041431,0,0.0023477,0.0030383,0,0,0,0.00041431,0.0029002,0.0011048,0.0001381,0,0,0,0,0,0.0001381,0,0.0001381
0,0,0,0,7.7874e-05,0.0085401,0,7.7874e-05,7.7874e-05,0,7.7874e-05,0,7.7874e-05,5.1916e-05,0,0,0,0.00010383,0,0,0.0072942,0.0020247,2.5958e-05,0.0032188,0.0057886,0,0.0065673,0.0033486,0.0013498,0,0,0.017573,0.0041533,0.0036601,0.11881,0.041766,0.12844,0.006178,0.0059703,0.024478,0.00059703,0,7.7874e-05,0.00010383,0.0001817,0.00036341,0,0,0.011214,0.019442,0.007995,0.0011421,0.0012979,0.0013758,0,0.011603,0,0.00033745,0.01233,0.0006749,0.00015575,0.00096044,0.0033486,0,0.00051916,0.00025958,0,0.0019988,0.0089555,0,0.025205,0.0047503,0.0010383,0.009864,0,0.00090852,0.0037639,0.00075278,0.0076056,0,0.0029073,0.00075278,0,0.0052175,0.007398,0,0,0,0,0.001843,0.00023362,0.00036341,0,0,0,0,0,0.00015575,0,5.1916e-05
0,0,0,0,0,0,0,0.0034941,0.0022235,0.00019853,0.00047647,0,0.0029383,0.0011515,0,0,0,7.9412e-05,0,0,0,0.0041294,0,0.00087354,0.00015882,0,0.0099265,0.0015088,0.0050824,0,0,0.01211,0,0.0035338,0.0059559,0.011594,0.027794,0.15696,0.030296,0.011793,0.0013103,0.00043677,0.00039706,0.02978,0,0.00055589,0,0,0.0048044,0.0090133,0.0022633,0.00059559,0.00035736,0.00047647,0,0,0,0.00047647,0.0059956,0.00027794,0.00019853,0.0050824,0.012388,0,0.012587,0,0,0.0021044,0.010284,3.9706e-05,0.0063927,0.0038118,0.00099265,0,0,0.014771,0.0015485,0.0028588,0.0030971,0,0.0032956,0.0022235,0,0.0018662,0.0042486,0,0,0,0.00071471,0.00039706,0.0011912,0.0027,0,0,0,0,0,0.00027794,0,0.00039706
0,0,0,0,0,0,0,0.0044462,0.0029423,0.00032693,0.00078462,0,0.0041846,0.0015039,0,0,0,0,0,0,0.0011115,0.0048385,0,0.0019616,0.0049039,6.5385e-05,0.00026154,0.00052308,0.013665,0.00013077,0,0.030273,0,0.0073885,0.059893,0.057474,0.042893,0.059958,0.099582,0.066693,0.0013077,0,0,0,0,0.00019616,0,0,0.0098732,0.0070616,0.0028769,0.00039231,6.5385e-05,0.00071924,0,0,0,0.00013077,0.014254,6.5385e-05,0.00026154,0.0019616,0.021316,0,0.0013731,0.0033346,0,0.0015039,0.0061462,6.5385e-05,0.024781,0.0052962,0.0020923,0.0019616,0,0.0064077,0.0035962,0.00019616,0.0060808,0,0.0035962,0.0074539,0,0.0032039,0.0081078,0,0,0,0.012489,0.00085001,0.00032693,0.00039231,0,0,0,0,0,6.5385e-05,0,0
0,2.4368e-05,0,0,0,0,0,0.0046543,0.0030217,0.00029242,0.00021931,0,0.0042401,0.0015352,0,0,0,4.8737e-05,0,0,0,0.0019738,0,0.0019495,0.0032653,0,0.012452,0,0,0,0.0033872,0.017984,2.4368e-05,2.4368e-05,0.06248,0.045617,0.13505,0.014913,0.016156,0.12484,0.010308,0,4.8737e-05,9.7473e-05,2.4368e-05,0.0013159,0,0,0.0053854,0.0082608,0.0024856,0.00063357,0.00014621,0.00073105,0,0.0025099,0,0,0.015011,0,0,0.023808,0.0025099,0,0.00097473,0,0,0.0013646,0.0056291,4.8737e-05,0.013013,0.0048737,0.00051173,0,0,0.0038746,0.0034116,0.001657,0.0065307,0,0.0082121,0.00024368,0,0.0030217,0.0089431,0,0,0,0.013671,0.0012671,0,0,0,0,0,0,0,0,0,0
0,0,0,0,0,0,0,0.00073096,0.00047208,4.5685e-05,3.0457e-05,0,0.00060913,0.00024365,0,1.5228e-05,0,0.0080253,0,0.0013401,0.003335,0.00074619,0,0.0010355,0.016797,0,0,0.00030457,0.016173,0,0,0.045122,0,0.016797,0.075106,0.025888,0.049705,0.020482,0.0074314,0.056497,0.26997,0.00030457,0.00022843,0,0.00016751,0.00012183,0,0,0.016127,0.0088934,0.0024822,0.00035025,0.00042639,0.00076142,0,0.0030304,0,7.6142e-05,0.0074314,0.00030457,3.0457e-05,0.019766,0.0014924,0,0.00048731,0,0,0.00089847,0.011071,0.00092893,0.027457,0.0060152,0.0012487,0,0,0.0019949,0.001599,0.0067766,0.00097461,0,0.011071,0.00054822,0,0.001599,0.0072792,0.00050254,0,0,0.0032589,0.00098984,0,0,0,0,0,0,0,0,0,0
0,0,0,0,0,0,0,0.000378,0.000378,0,0,0,0.000378,0,0,0,0,0,0,0,0.027594,0.000378,0,0.00189,0.006993,0,0,0,0.004536,0,0,0.005103,0,0.018522,0.036477,0.002079,0.022869,0.001512,0.004914,0.015309,0,0.23606,0,0,0.004536,0.005292,0.003024,0,0.000378,0.01134,0.000945,0.000945,0.001323,0.004725,0,0.030618,0,0,0.001512,0,0,0,0.002646,0,0.003591,0,0,0.000945,0.025326,0.000378,0.017955,0.005103,0,0,0,0.009072,0.020034,0,0.000756,0,0.001701,0.013986,0,0.010962,0.045549,0,0,0,0,0.000945,0,0,0,0,0,0,0,0,0,0
0,0,0,0,3.8344e-05,0,0,0.00019172,7.6687e-05,0,7.6687e-05,0,0.00019172,7.6687e-05,0,3.8344e-05,0,0,0,7.6687e-05,7.6687e-05,0.00030675,0,0.00042178,0,0,0.00011503,0.00034509,0.0038344,0,0,0.00625,0,0.00019172,0.082247,0.038497,0.047469,0.0080521,0.050498,0.011963,0,0,0.18627,3.8344e-05,0,0.00038344,0,0.022699,0.010199,0.0077837,0.0031442,0.00065184,0.00038344,0.00076687,0,0.00023006,0,0,0.0083206,3.8344e-05,0.0027991,0.0055982,0.00084356,0,0.0006135,0.003796,0,0.0029525,0.023888,0.00042178,0.044517,0.0068252,0.0014187,0,0,0.0010353,0.0018021,0.0031442,0.025115,0,0.00053681,0.0014571,0,0.0008819,0.0036043,0.0015721,0,0,0,0.001227,0.00065184,0,0,0,0,0,0,0,0,0
0,0,0,0,0,0,0,0,0,0,0,0,0,0,0,0,0,0,0,0,0,0.0020425,0,0.001634,0.0004085,0,0.00081699,0,0,0,0,0.018791,0,0,0.014706,0.012255,0.0093954,0.001634,0.0028595,0.005719,0,0,0,0.37827,0.0004085,0,0,0,0.02451,0.0061275,0.0028595,0.001634,0,0.0020425,0,0.0077614,0,0.00081699,0.016748,0.0028595,0.002451,0.00081699,0.00081699,0,0.0004085,0,0,0.0020425,0.016748,0,0.080882,0.0073529,0.0061275,0.002451,0,0.0012255,0.0020425,0,0.037173,0,0.0061275,0.020833,0,0.003268,0.019608,0,0,0,0.0036765,0.0020425,0,0,0,0,0,0,0,0,0,0
0.00062834,0,0,0,0,0,0,0.0010472,0.00062834,0,0.00052362,0,0.00094251,0.00052362,0,0,0,0.034454,0,0.00073306,0.15049,0.0093203,0,0.0067023,0.0020945,0,0.0023039,0,0.02461,0,0,0.015185,0.00031417,0,0.026914,0.0052362,0.023667,0.0024086,0,0.0041889,0.027019,0,0,0,0.048801,0.00041889,0,0,0.010368,0.016127,0.0047125,0.00094251,0.00062834,0.001885,0,0.00031417,0,0.00031417,0.01885,0,0.001152,0,0.0074353,0,0.0020945,0,0,0.00377,0.0047125,0,0.021782,0.0047125,0.00031417,0.011624,0,0.0010472,0.0043984,0.00041889,0.00031417,0,0.013823,0.0091109,0,0.0040842,0.0061787,0,0,0,0,0.0016756,0,0,0,0,0,0,0,0,0,0
0,0,0,0,0,0.0090103,0,0.00014771,0.00022157,0,0.00022157,0,0.00022157,0.00014771,0,0,0,0.017282,0.00014771,0,0.013442,0.012112,0,0.0020679,0.00044313,0.00014771,0.00096012,0.0020679,0.025554,0.00029542,0.010266,0.038405,0,0.00036928,0.044092,0.070089,0.072452,0.0055391,0.032422,0.030945,0.00051699,0,0,0,0,0.048966,0,0,0.0093058,0.010783,0.0012555,0.0014771,0.00044313,0.0024372,0,0.0082718,0,0,0.02164,0,0,0,0.012334,0,0.0016987,0.0022157,0,0.0025849,0.0093796,0,0.022747,0.005096,0.00088626,0,0,0.005096,0.0052437,0.0057607,0.00073855,0,0.0090842,0.023043,0,0.0035451,0.0084195,0,0,0,0,0.0016248,0,0,0,0,0,0,0,0,0,0
0,0,0,0,0,0,0,0,0,0,0,0,0,0,0,0,0,0,0,0,0.0015361,0.0015361,0,0.0015361,0.018433,0,0,0,0.0038402,0,0,0.00076805,0,0,0.15591,0.0092166,0.013825,0.0023041,0.014593,0.019969,0,0.038402,0,0,0,0.018433,0.044547,0,0.0046083,0.0023041,0,0.00076805,0.00076805,0.00076805,0,0.00076805,0,0,0.00076805,0,0,0,0.0015361,0,0,0,0,0.0023041,0.0053763,0,0.020737,0.0061444,0,0,0,0.013825,0.012289,0,0,0,0.0015361,0,0,0.0053763,0.0061444,0,0,0,0,0.00076805,0,0,0,0,0,0,0,0,0,0
0,0,0,0,0,0,0,0.00021218,0,0,0,0,0,0,0,0,0,0,0,0,0,0.0010609,0,0.0010609,0.00021218,0,0,0,0,0,0,0,0,0,0,0.0078506,0.021006,0.0014853,0,0.0038192,0,0,0.39232,0,0,0,0,0.10482,0.0055167,0.0040314,0.0019096,0.00042436,0,0.00063654,0,0,0,0,0.0046679,0,0,0,0.00021218,0,0.00021218,0,0,0.0012731,0.0057288,0,0.019308,0.0042436,0.00063654,0,0,0.00042436,0.00042436,0,0.0014853,0,0.0014853,0,0,0.0044558,0.0048801,0,0,0,0,0.00021218,0,0,0,0,0,0,0,0,0,0
0,0,0,0,0,0,0,0,0,0,0,0,0,0,0,0,0,0.0005381,0,0,0.002825,0.0033632,0,0.022062,0.0056501,0,0,0.00073989,0,0,0,0.0094168,0,0,0.011502,0.0045066,0.030537,0.0081388,0.041905,0.058922,0.014798,0,0,0.078429,0,0.0076007,0.00067263,6.7263e-05,0.08455,0.0085424,0.012242,0.00047084,0.00013453,0.0014125,0,0.034304,0,0,0.0096186,0.00020179,0.00013453,0.0042376,0.029596,0,0.0010089,0.0016816,0,0.0053138,0.011233,0.00033632,0.015067,0.0033632,0.00020179,0.00087442,0,0.0073989,0.003834,0.0046412,0.00639,0,0.0026905,0.00020179,0,0.012645,0.0058519,0.00040358,0,0.0021524,0.0046412,0.00047084,0,0,0,0,0,0,0,0,0,0
0.0015985,0.0072026,0,0.0071279,0.15642,0,0,0.00030477,0.00016794,1.866e-05,0.00020525,0,0.00027367,9.3298e-05,0,0,0,0,0,0,0,0.00042917,0,0.0013497,0,0,0,0.0046089,0,0,0.00023635,0,0,0,0,4.9759e-05,0.0039745,0.0064064,0.0067734,0.021371,0,0,0,0,0,0.00048515,0,0,0.014629,0.38471,0.1618,0.0005971,1.866e-05,0.0037319,0,0.029258,0,0,0.00013684,1.244e-05,1.244e-05,0,0.0015612,0,0.00039185,0,0,0.0021956,0.0056725,1.244e-05,0.0094604,0.0026186,1.866e-05,0.00070284,0,0.0047271,0.0054797,0.014617,0.0055916,0,0.0010698,0.00074638,0,0.0011755,0.0020961,6.2198e-05,0,0.0020339,0.0046524,0.00023013,0,0,0,0,0,0,0,0,0,0
6.7127e-05,0,0,0,0.28373,0,0,9.3977e-05,6.7127e-05,0,0,0,6.7127e-05,0,0,0,0,0,0,0,0,0.00029536,0,0,0,0,0,0,0,0,0,0,0,0,0,0,6.7127e-05,0.00033563,0.00013425,0.0015036,0,0,0,0,0,9.3977e-05,0,0,0.012727,0.082217,0.47578,5.3701e-05,0,2.6851e-05,0,0.0085519,0,0,0.00013425,0,0,0,0.00014768,0,0.0011277,0,0,0.00053701,0.0055044,0.0065113,0.0046049,0.0008995,0.00013425,0.00087265,0,0.002524,0.0019198,0.031657,0.00040276,0,0.00038933,0,0,0.0010875,0.00075182,0,0,0.00057729,0.0013291,9.3977e-05,0,0,0,0,0,0,0,0,0,0
0,0,0,0,0,0,0,0.00055715,0.00023878,0,0.00031837,0,0.00039796,7.9592e-05,0,0,0,0,0,0,0,0.00031837,0,0.0041388,0,0,0,0.010108,0.012416,0.00063674,0,0.00015918,0.00031837,0,0,0.00039796,0.00015918,0.0015918,0,0.011223,0.00055715,0,0,0,0,0.00047755,0,0,0.014804,0.063594,0.0015123,0.074101,0.0049347,0.006049,0,0.016316,0.002149,0,0.0019898,0,0,0.0024674,0.0014327,0,0.00031837,0.0015918,0,0.0031041,0.008596,0.00055715,0.020853,0.0029449,0.00071633,0.0010347,0,0.0018306,0.0023082,0.00047755,0.015441,0,0.0011143,7.9592e-05,0,0.004696,0.0086756,0,0,0,0,0.0031837,0.00023878,0.00063674,0.00015918,0,0,0,0.00015918,0.00015918,0,0
0.00055101,0,0,0,0,0,0,0,0,0,0,0,0,0,0,0,0,0,0,0,0,9.1836e-05,0,0.0067958,0,9.1836e-05,0.00036734,0,0.00073469,0,0,0.00082652,0.00055101,0,0,0,0,0.00055101,0,0,0.0036734,0,0,0,0,0.00045918,0,0,0.00036734,0.032326,0.00027551,0.028561,0.045734,0.0070714,0,0.058132,0.0033061,0,0.00045918,0,0,9.1836e-05,0.00027551,0,0,0,0,0.0012857,0.011847,0,0.006704,0.0015612,0.0015612,0.00045918,0,0.0015612,0.0014694,0.0010102,0.0017449,0,0.00055101,0.00027551,0,0.0033061,0.0027551,0,0.00027551,0,0,0,0.001102,0,0,0,0,0,0,0,0,0
6.9018e-05,0,0,0,3.4509e-05,0,0,0.00020705,0.00020705,0,0.00024156,0,0.00031058,0.00024156,0,0,0,0,0.00041411,0,0.00013804,0.0066257,0.0010698,0.0068328,0.00055214,0.001898,0,6.9018e-05,0.00027607,0,0,0.020222,0.0012423,0.0017254,0.05097,0,0.033922,0.0052799,0.0055904,0.029402,0.0023121,0,0,0,0,0.0076265,0,0,0.0064877,0.0075229,0.0013113,0.0064877,0.071813,0.18504,0.014735,0.0099731,0.0085927,6.9018e-05,0.015253,0,0.00079371,0.014873,0.00048313,0,0.00017254,0.00034509,0.0014494,0.0015529,0.0066602,0,0.019946,0.0061771,0.014804,0.0084547,6.9018e-05,0.0031748,0.0037615,0.0028642,0.011284,0,0.001967,0.0051763,0,0.030264,0.010456,0,0.0049348,0.0071779,0.010698,0.0036234,0.00089723,0.00055214,0,0.00082821,0.00055214,0,0.00069018,0.00013804,0.00069018,6.9018e-05
0,0,0,0,0,0,0,0,0,0,0,0,0,0,0,0,0,0,0,0,0,0.010375,0,0.019952,0,0.0015962,0.0023943,0,0,0,0,0.0015962,0,0,0,0,0,0.018356,0,0,0,0,0,0,0,0.0031923,0,0,0.00079808,0.00079808,0.0015962,0.00079808,0,0.026337,0.15882,0,0,0,0.0087789,0,0,0.0023943,0.0047885,0,0,0,0,0.0015962,0.0039904,0,0.0071828,0.0023943,0,0.015164,0,0.024741,0.034318,0,0.011971,0,0.0031923,0,0,0.066241,0.0079808,0,0,0.012769,0.00079808,0,0,0,0,0,0,0,0,0,0,0
0,0,0,0,5.227e-06,0.0088624,0,2.8749e-05,3.3976e-05,0,1.8295e-05,0,2.3522e-05,1.0454e-05,0,0,0,0.0023574,1.5681e-05,3.1362e-05,0.022651,0.000852,0,0.012412,0.0049944,2.6135e-06,0.00031885,2.6135e-06,2.6135e-06,2.6135e-06,0,0.01306,0.046599,0.01762,0.0040823,0.0053185,0.029036,0.0049291,0.017984,0.01214,0.0014819,0,0,0,0.0014479,0.0027964,0,0,0.00057497,0.0033453,0.0028905,0.00066122,0.00086246,0.0017641,0,0.32596,0.00075008,2.6135e-05,0.0026684,2.3522e-05,0.00010454,0,9.4086e-05,9.9313e-05,7.5792e-05,0,0,0.0029611,0.0069624,8.3632e-05,0.010389,0.0049134,0.0026893,0.0010036,0.00038941,0.0032146,0.00065599,0.00037896,0.018755,0,0.0029219,0.00024044,0,0.015482,0.0070931,0,0.0031258,0.0026788,0.00053577,0.0051617,0,0,0,0,0,0,0,0,0,0
0,0,0,0,0,0,0,0.0032537,0.0020336,0.00020336,0.0023556,0,0.0024573,0.0010337,0,0,0,3.3893e-05,0,0.00020336,0,0.0014744,0.00083038,0.01837,0,0,0,0,0,0,0,0.0066939,0,0.0005084,0,0,0.00094901,0.0015591,0.00049145,0.0049315,0.20768,0,0,0,0,0.00045756,0,0,0.0056432,0.0092189,0.0024234,0.0011524,0.00030504,0.001576,0,0.0020505,0.03008,0,0.014625,0,0.0016269,0.0094223,0.0041011,0,0.00079649,0,0,0.0036266,0.016438,0.0063719,0.015879,0.0043383,0.001576,0.018218,0,0.0026776,0.0078293,0.0034063,0.0021861,0,0.024623,0.0048806,0,0.0066431,0.0031521,0.0004745,0,0,0.0066769,0.00055924,0,0,0,0,0,0,0,0,0,0
0,0,0,0,0,0,0,0.00032273,0.0018073,0,0.00012909,0,0.00019364,0.00012909,0,0,0,0,0,0,0,0.00019364,0,0.044794,0,0,0,0,0,0,0,6.4545e-05,6.4545e-05,0.00038727,0,0,0,0.00058091,0,0.0018073,0,0,0,0.025754,0,0.00058091,0,0,0.057058,0.025044,0.00045182,0.00083909,6.4545e-05,0.00045182,0,0,0.00032273,0.18124,0.012586,0,0,0.14439,0.00077454,0.00025818,0.018718,0,0,0.0027109,0.012135,0.00064545,0.0089718,0.0062609,0.00045182,0,0,0.00090363,0.0074227,0.018266,0.018073,0,0.010908,0.00038727,0,0.14265,0.0058736,0.00038727,0,0,0.0019364,0.0142,0,0,0,0,0,0,0,0,0,0
0,0,0,0,0,0,0,0.005056,0.0043889,0.00049156,0.0026684,0,0.0066536,0.0022998,0,0,0,0,0,0,0,0.0023173,0,0.12354,0,0,0,0,0,0,0,0.0054422,0,0,0,0,0,0.0011762,0.00087778,0,0.033619,0,0,0,0,0.001422,0,0,0.0033882,0.0036867,0.00059689,0.00057933,0.00082511,0.0082687,0,0.00038622,0.017819,0,0.1143,0,0,0.029107,0.0036516,0.00019311,0.00045644,0,0,0.0030371,0.0064078,0.00017556,0.015063,0.0054773,0.00033356,0.0073207,0,0.0012289,0.0020891,0.0049682,0.0012816,0,0.0019487,0.0057758,0,0.018486,0.030582,0.000158,0,0.0015098,0.0062849,0.045469,0.00021067,0,0,0,0,0,0,0,0,0
0,0,0,0,6.0872e-05,0,0,0.0012783,0.0008522,0.00012174,0.0011566,0,0.0012783,0.0004261,0,0.00066959,0.00018262,0,0,0,0,6.0872e-05,0,0.083151,0,0,0,0,0,0,0,0,0,0,0,0,0,0.00036523,0,6.0872e-05,0,0.013818,0,0,0,0.0024349,0.0077916,0,0.0017044,0.00073046,0.0004261,0.0004261,0,0.00048697,0,0.00012174,0.00012174,0,0.0055393,0.11633,0.0034088,0.14974,0.00030436,0,0.0054785,0,0,0.0037132,0.0094351,0,0.014122,0.0049306,0.03768,0.0029218,0,0.0011566,0.0023131,0.001887,0.015583,0,0.0045045,0.0043828,0,0.050889,0.033358,0.060628,0,0,0,0.0015218,0.00036523,0,0,0,0,0,0,0,0,0
0,0,0,0,0,0,0,0.00013654,9.1025e-05,0,0.00013654,0,0.00018205,9.1025e-05,0,0,0,0,4.5512e-05,0,0,0.00045512,0,0.44457,0,0,0,0,0,0,0,0,0,0,0,0,0,0,0,0,0,0,0.013563,0,0,9.1025e-05,0,0.096896,0.00013654,0.00040961,0.0007282,0.00013654,9.1025e-05,9.1025e-05,0,0,9.1025e-05,0.0010923,0.0024577,0,0.11774,0.0051884,9.1025e-05,0.021436,0.0091025,0,9.1025e-05,0.00091025,0.0025487,0.0003641,0.015474,0.0082378,0.021527,0.014427,0,0.0011378,0.00091025,0.0023666,0.00045512,0,0.0038686,9.1025e-05,0,0.034908,0.00045512,0.0019115,0.00040961,0.0064628,0.0013199,0.0024577,0.00031859,0,0,0,0,0,0,9.1025e-05,0,0
0,0,0,0,0.00012522,0.00012522,0,0.0051968,0.0052281,0.0005635,0.0032088,0,0.0068716,0.0031149,0,7.8264e-05,7.8264e-05,0,0,0,4.6959e-05,0.0062612,0.00015653,0.030554,0,0,6.2612e-05,0,1.5653e-05,0,0,0.0052437,0,7.8264e-05,0,0,6.2612e-05,0.0052594,6.2612e-05,0.0012522,0.0079673,0,0,1.5653e-05,0,0.002614,9.3917e-05,0.00010957,0.0096109,0.011661,0.0019566,0.00093917,0.00020349,0.0028019,0,0.0063707,0.00043828,6.2612e-05,0.028113,0.042936,0.030946,0.16421,0.0058385,0.00064177,0.0010644,0.00017218,0,0.0065116,0.012757,0.0018157,0.021022,0.0046333,0.0021131,0.02074,0,0.0028958,0.0029114,0.0056507,0.0032401,0,0.0055724,0.0016592,0,0.020646,0.026312,0.0015183,0.00012522,0.0047898,0.014855,0.00065742,0.0011896,0,0,0,0,0,0,0.00021914,6.2612e-05,6.2612e-05
0,0,0,0,0,0,0,0.0012445,0.00084184,0.00010981,0.00076864,0,0.0010981,0.00040262,0,7.3204e-05,0,0,0,0,0,0.0097361,0.00014641,0.049522,0,0,0,0,0,0,0,0,0,0,0,0,0,0.0035138,0,7.3204e-05,0.004136,0,0,0,0,0.0039164,0,0,0.0024523,0.0035138,0.0025621,0.00040262,0.00025621,0.0010615,0,0.0029648,0.015117,0,0.028037,0,0.014202,0.0086746,0.23491,0.00018301,0.00058563,0,0,0.0030014,0.012262,0.0047582,0.019838,0.0039896,0.0027451,0.0017935,0,0.00010981,0.0012079,0.0027451,0,0,0.0018667,0,0,0.026976,0.022949,0,0.00080524,0.00073204,0.0022327,0.0044288,0.00040262,0,0,0,0,0,0,0,0,0
0.00062031,0,0.00095866,0,0,0,0,0.018017,0.023346,0.0022839,0.0091355,0,0.0083178,0.015339,0,0.06392,0.011532,0,0,0,0,0.0055546,0,0.0020019,0,0,0,0,0,0,0,0,0,0.0017482,0,0,0,0.0019455,0,0,0,0,0,0,0,0.0011278,0,0,0.0040884,0.031298,0.011983,0.0088535,0.0016636,0.0035527,0,0.0016636,0.0010151,0,0.0021429,0,5.6392e-05,0,0.00047933,0.026307,0.01579,0,0.00084588,0.0041166,0.011278,2.8196e-05,0.013985,0.0033553,0.0007331,0.032905,0,0.0029042,0.0036091,0.0021993,0.0018327,0,0.020837,0.0013816,0,0.0022839,0.0092201,0.021091,0,0.021739,0.013111,0.0006767,0,0,0,0,0,0.00025376,0,0,0,0
0.00040024,0,0.0039338,0,0,0,0,0.038835,0.0137,0.0071128,0.0098916,0.0049973,0.028577,0.043786,0,0.1127,0.023088,0.00018297,0.00026301,0,0,0.0053174,0,0.001601,0,0.0025844,0,0,0.00010292,0,0,0.00051459,0,0.0014752,0,0,0,0.001681,0,0,0,0,0,0,0,0.00041167,0,0,0.0083249,0.017462,0.0099602,0.0039681,0.00029732,0.004071,0,0.00075473,0.00098344,0,0.0038766,0,0.0013722,0.0017382,0.00096057,6.8612e-05,0.024746,0,0,0.0028474,0.0058549,0.0001601,0.013585,0.0043683,0.0013151,0.024334,0,0.0014523,0.0062323,0.0046313,0.00062895,0,0.0081992,0.00051459,0,0.0050659,0.0027788,0.00041167,0,0.0061065,0.0029961,0.00091483,0.0011321,0,0,0,0,0,0,0,2.2871e-05,0.0017153
0,0,0,0,0,0,0,0.00086393,0.0032829,0.00025918,0.0033693,0,0.0040173,0.0016847,0,0,0,0,0,0,0,0.084622,0.051663,0.00082073,0.0097624,0,0.0012095,0,0,0,0,0,0,0,0,0,0,0.025616,0,0,0,0,0,0,0,0.00047516,0,0,0.00051836,0.0019006,0.00047516,0.00025918,4.3197e-05,0.00051836,0,0.00043197,0.00025918,0,0.0063931,0,0,0,0.011274,0,0.0030238,0.10937,0,0.0042333,0.020216,0.0058315,0.0063067,0.0030238,0.003067,0.01067,0,0.0074298,0.0086825,0.011447,0.00025918,0,0.029806,0.0082937,0,0.0015983,0.0072138,0,0,0,0.00030238,0.00056156,0,0,8.6393e-05,0.0068251,0,0,0,0.00060475,0,0.00047516
0,0,0,0,0,0,0,0.00055332,0.0003977,5.1873e-05,0.00038041,0,0.00057061,0.00031124,0.00062248,0,0.0053948,0,0,0,0,0.00065706,0.00020749,0.00091643,0,0,0.00074352,0,0,0.00013833,0,0,0,0,0,0,0,0.052617,0.0011066,3.4582e-05,0.00060519,0,0,0,0,0.00053603,0,0,0.00091643,0.0040288,0.00067436,0.00020749,6.9165e-05,0.00043228,6.9165e-05,0.00020749,0.00020749,0,0.0023516,0,0.00036311,0.00051873,0.002732,0.001487,0.0054294,0,0.3004,0.0071585,0.0096658,0.0014525,0.0053948,0.005464,0.00038041,0.01577,0.00010375,0.0081614,0.0075044,0.015735,0.0034582,0,0.057562,0.03,0.00010375,0.0072277,0.0043401,0.00027666,0.00048415,0.0011758,0.01181,0.00038041,0.00048415,0.00010375,0,0.013193,3.4582e-05,0,0.0034582,0.0036484,6.9165e-05,0.0166
0,0,0,0,0,0,0,0.00028746,0.00015218,1.6909e-05,0.000186,0,0.00023673,0.00013527,0,0,0,0,0,0,0,0.0019615,0.0010991,0.0034157,0,0,0,0,0,0,0,0.00064255,0,0,0,0,0,0.063461,0.008201,0.0066961,0.006341,0,0,0,0,0.00052419,0,0,0.02254,0.014745,0.00049037,0.00016909,3.3819e-05,5.0728e-05,0,0.0021982,0,0,0.0010484,0,0.00038891,0.005969,0.0023504,0,0.00038891,0,0,0.080015,0.031451,0.034985,0.013037,0.0029591,0.0045824,0.017146,0.0088605,0.0092156,0.0059352,0.022844,0.00074401,0,0.021052,3.3819e-05,0,0.0050897,0.005969,0.00023673,0,0,0.02856,0.00033819,0.0034157,0,0,0,0,0,0,0,0,0
0,0,0,0,0,0,0,0.00092552,0.00062774,6.4384e-05,0.00061165,0,0.0007726,0.00032997,0,0,0,0,0,0,0,0.001513,0,0.00065189,3.2192e-05,0,0,0,5.6336e-05,4.8288e-05,0,0.00049897,0,0,0,0,0,0.016514,0.00076456,0,0.0011267,0,0,0,0,0.00082089,0,0,0.0016176,0.007219,0.00012877,0.00012877,6.4384e-05,0.00012877,0,0.00023339,0.00061165,0,0.00085308,0,0,0.0079514,0.0014728,0.0038952,0.0057462,0.0069213,0,0.0053197,0.19205,0.0092954,0.0068488,0.0039757,0.015444,0.021899,0,0.017021,0.039709,0.031757,0.00017706,0,0.018551,0.0042654,0,0.0021247,0.007042,0,9.6576e-05,0.010672,0.047032,0.00015291,0.0088367,0,0,0,0,0,0,0,0,0
0,0,0,0,0,0,0,0.00084567,0.00063425,0,0.0005814,0,0.0005814,0.00042283,0,0,0,0,0,0,0,0.018182,0,0.00047569,0,0,0,0,0,0,0,0,0,0,0,0,0,0.005814,0.0010042,0,0.0022727,0,0,0,0,0.0032241,0,0,0.0082452,0.027643,0.0015856,0.00095137,0.00021142,0.00079281,0,0.0046512,0.00089852,0,0.00095137,0,0.00010571,0,0.018235,0,0.0018499,0,0,0.016226,0.056078,0.034514,0.0063953,0.0050211,0.0005814,0,0,0.033879,0.0044397,0.11041,0.0010042,0,0.045877,0.011364,0,0.0042812,0.010729,0,0.0042283,0.014746,0.0090909,0.00015856,0,0,0,0,0,0,0,5.2854e-05,0,0
0,0,0,0,0,0,0,9.4082e-05,0.00041814,9.4082e-05,0.00022475,0,0.00020907,0.00051222,0,0.00028747,0.00030315,0.00020907,0.00014112,6.2721e-05,4.1814e-05,0.0017771,0.0020019,0.0035751,3.1361e-05,6.2721e-05,2.0907e-05,3.1361e-05,4.1814e-05,2.6134e-05,0,0.00094082,0,0,0,5.2268e-06,0.00016726,0.00064289,0.00044427,0.00027702,0.00078924,0,0,1.0454e-05,0.00015158,0.001176,0,0,0.00010454,0.0025872,0.00051222,3.6587e-05,5.7494e-05,0.00036065,0,0.0079447,0.002373,0.00011499,0.0033922,0.00031361,0.0074325,0.006868,0.020296,0.0043278,0.0030106,0.00064289,5.2268e-06,0.016652,0.027785,0.0055351,0.082348,0.001291,0.068387,0.011065,0.00036065,0.014546,0.013239,0.067854,0.0086346,0,0.012962,0.0039201,0,0.00072129,0.012042,0.0038521,0.0075527,0.003873,0.034387,0.00062198,0.0063662,0.00026134,4.1814e-05,0.00017248,0,0.0026866,0.00032406,0.0018032,0.00063244,0.0017039
1.2516e-05,0,0,0,0,0,0,3.7549e-05,0.00011265,0,5.0066e-05,0,8.7615e-05,0.00017523,0,3.7549e-05,2.5033e-05,6.2582e-05,7.5099e-05,3.7549e-05,0.00010013,0.00051317,0.0059578,0.0013518,3.7549e-05,0,2.5033e-05,3.7549e-05,1.2516e-05,2.5033e-05,0,0.00023781,1.2516e-05,2.5033e-05,7.5099e-05,1.2516e-05,0.00013768,0.00037549,0.00013768,5.0066e-05,0.00062582,2.5033e-05,0.0001502,2.5033e-05,0,0.0006133,0,0,2.5033e-05,0.00036298,8.7615e-05,0.0014769,8.7615e-05,0.00011265,0,0.014982,0.003029,0.00012516,0.0021028,0.00016271,0.0021278,0.00026284,0.011014,0.0084861,0.0019776,0.0006133,0,0.007998,0.015883,0.0035922,0.026097,0.15149,0.13036,0.0069591,0.00038801,0.006471,0.0035296,0.0083109,0.0043933,0.00077602,0.014882,0.015783,0,0.00086363,0.0065211,0,8.7615e-05,0.0024032,0.0046436,0.00018775,0.0027411,0.0015771,3.7549e-05,0,5.0066e-05,0,0.00040053,0.00031291,0,0.00012516
1.9323e-05,0,0,0,3.8645e-05,9.6614e-06,0,2.8984e-05,9.6614e-06,0,0.00046375,9.6614e-06,0.0001739,0.00057002,0,0.00018357,0.00022221,0,0.00021255,0.00018357,0.00023187,0.0028984,0.0026279,0.0045312,0.00027052,0.0002995,4.8307e-05,0,1.9323e-05,0,9.6614e-06,0.00086952,1.9323e-05,9.6614e-06,6.763e-05,1.9323e-05,0.00057968,0.0012656,0.00044442,0.00026086,0.0013623,0,4.8307e-05,0,7.7291e-05,0.003024,0.00023187,0,0.00028018,0.0055166,0.00046375,0,0.00018357,0.001198,0,0.001739,0.00077291,0.00011594,0.0018357,0.00053138,0.0014202,0.0033622,0.028887,0.0034781,0.00083088,0.0004251,1.9323e-05,0.038578,0.049853,0.0038066,0.016212,0.00016424,0.19788,0.0012173,3.8645e-05,0.0055649,0.0019806,0.0022994,0.0019709,0,0.0033235,0.0016618,0,0.0017584,0.0050046,0.0047244,0.0002995,0.0018453,0.0047824,0.00027052,0.0020096,7.7291e-05,0,6.763e-05,0,0,7.7291e-05,0.00035747,0.00019323,0.00021255
7.8815e-05,7.8815e-05,7.8815e-05,0.00022769,0.00040283,7.8815e-05,0,0.00032402,0.00031526,0.00032402,0.00027147,7.8815e-05,0.00037656,0.00035904,0.00035904,0.00044662,0.0003065,0.0003065,0.00031526,0.0003678,0.00038532,0.00063927,0,0.0011472,0.0003678,0.00035904,0.00028899,0.00040283,0.00037656,0.00040283,0.0003065,0.00034153,0.00028899,0.00035029,0.00039407,0.00040283,0.00045537,0.0017777,0.00039407,0.00033277,0.00034153,0.0003678,0.00029774,0.00035904,0.00026272,0.00068306,0,0,0.00045537,0.0032051,0.0026972,0.000613,0.00021017,0.00063927,8.7572e-05,0.095602,0,7.0057e-05,0.0027673,0,5.2543e-05,8.7572e-06,0.00057797,0.00046413,0.0005517,0,0,0.0031176,0.011314,4.3786e-05,0.064716,0.0010771,0.00095453,0.047902,0.00070933,0.004326,0.0020842,0.0083193,0.00029774,0,0.0028811,0.0002452,3.5029e-05,0.0031,0.0031088,7.0057e-05,0.0010246,0.011989,0.0038794,0.052009,0.0011122,0,0,0,7.8815e-05,7.0057e-05,0,0,0,0
0,0,0,0,0,0,0,0,0,0,0,0,0,0,0,0,0,0,0,0,0,0.0032045,0,0.0010449,0,0,0,0,0,0,0,0,0,0,0,0,0,0.0058516,0,0,0,0,0,0,0,0.00027865,0,0,0.00076628,0.012818,0.0036921,0.00076628,6.9662e-05,0.00097527,0,0.022153,0,0,0.0016022,0,0,0.00013932,0.0015326,0,0.0013236,0,0,0.0072449,0.031,0.0094741,0.092511,0.0054336,0.024173,0.025984,0.023964,0.010171,0.016649,0.0027865,0.0011843,0,0.023058,0.0073145,0,0.0030651,0.015535,0.00013932,0,0.021944,0.0071055,0,0,0,0,0,0,0,0,0,0,0
0,0,0,0,0,0,0,0,0,0,0,0,0,0,0,0,0,0,0,0,0,0.0035068,0.0019188,0.00161,0,0,0,0,0,0,0,2.2055e-05,0,0,0,0,0,0.0027789,0,0,0,0,0,0,0,0.00081604,0,0,0.0015218,0.0042566,0.0026025,0.00077193,0.00013233,0.00028672,0,0.00011028,0.0013895,0,0.0010586,0,0,0,0.0025804,0.0024922,0.0025584,0,0,0.0074546,0.031627,0.00026466,0.013255,0.0017424,0.01427,0.031296,0.00013233,0.028164,0.0075649,0.0031318,0.0022055,0,0.0097042,0.0001985,0,0.005602,0.011822,0,0,0.00719,0.0075208,8.822e-05,0.0048301,0,0,0,0,0,2.2055e-05,2.2055e-05,0,0
0,0,0,0,0,0,0,2.4439e-05,2.4439e-05,0,4.8877e-05,2.4439e-05,2.4439e-05,4.8877e-05,0,4.8877e-05,2.4439e-05,0,0,0,0,0.0014174,0,0.0014174,0,0,0,0,0,0,0,0,0,0,0,0,0,0.0009531,0,0,0,0,0,0,0,0,0,0,0.0011242,0.0033725,0.00058652,0.00058652,2.4439e-05,0.00036658,0,2.4439e-05,0.0010264,0,0.00085535,0,0.0046678,0,0.0029326,0.0029326,0.0019306,0,0,0.0029571,0.023779,0.0056209,0.013515,0.0018329,0.0022239,0.0068917,0,0.012268,0.076175,0.010386,0,0,0.0028104,0.0019551,0,0.001393,0.0092378,4.8877e-05,0,0,0.0099954,9.7754e-05,0.0090423,0,0,0,0,0,0,2.4439e-05,0,0
0,0,0,0,0,0,0,0,0,0,0,0,0,0,0,0,0,0,0,0,0,0.0045576,0,0.0021012,0,0,0,0,0,0,0,2.9595e-05,0,0,0,0,0,0.0013909,0.0023084,7.3986e-05,0.0044244,1.4797e-05,0,0,0,0.0030334,0,0,0.0014649,0.004232,0.0017017,0.00029595,8.8784e-05,0.0005475,0,0.026295,0,0,0.0015093,0,0.0058449,4.4392e-05,0.0027967,0.0082717,0.0040397,8.8784e-05,0,0.0082421,0.04633,0.0054898,0.01348,0.0039805,0.053093,0.0040545,7.3986e-05,0.034862,0.016188,0.16712,0.004454,0,0.0067624,0.0071175,0,0.0048387,0.010181,0.0028707,0,0.0081977,0.039154,0.0023824,0.0053122,0,0,0,0,0,0,1.4797e-05,0,0
0,0,0,0,0.0095839,0,0,2.9903e-05,0,0,0,0,4.4854e-05,0.00014951,0,0,0,0,0,0,0,0.0012709,0,0.0034837,0,0,0.012948,0,0.014413,0,0,0,0,0,0.012335,0,0.0034239,0.029843,0.011722,0.011916,0,0,0,0,0,0.0005233,0,0,0.0047994,0.0034388,0.0014353,0.0011513,0.00037379,0.0005532,0,0.01398,0,0,0.0032445,0,0,0.00094194,0.0010466,0,0.00092699,0,0,0.0033043,0.017673,0.0013606,0.016402,0.0046948,0.022651,0.011782,0.0014503,0.0032594,0.0063095,0.013172,0.25615,0,0.0085971,0.00070272,0,0.013322,0.0094792,0,0,0.0037678,0.0019736,0.069494,0.0017493,0,0,0,0,0,0,0,0,0
0,0,0,0,0,0,0,0,0,0,0,0,0,0,0,0,0,0,0,0,0,0.0091018,0,0.00058787,0,0,0.011413,0.0013176,0.015589,0.00050678,0.047881,0.00087166,0,0,0,0,0,0.0048448,0.00034461,0,0,0,0,0,0,0.0030812,0,0,0.0019055,0.003588,0.0015001,0.00026353,2.0271e-05,0.00030407,0,0,8.1085e-05,2.0271e-05,0.0023109,0,0,0,0.00064868,0,0.00046624,0,0,0.0020879,0.017433,0.0018041,0.0061016,0.0045813,0.0025136,0.0022906,0,0.0037704,0.0027569,0.027265,0.00012163,0.36385,0.012426,0.017149,0,0.0023515,0.0083923,0,0.00016217,0.0014393,0.001196,0.00012163,0.0015203,0,0,0,0,0,0,0,6.0814e-05,0
0,0,0,0,0,0,0,0.00045066,0.00022533,0,0.00030044,0,0.00040059,7.5111e-05,0,0,0,0,0,0,0,0.0051075,0,0.00027541,0.00052578,7.5111e-05,0,0,0,0,0,0,0,0,0,0,0,0.0011016,0,0.0070354,2.5037e-05,0,0,0,0,0.00082622,0,0,0.0019278,0.0011016,0.00022533,0.0019028,2.5037e-05,2.5037e-05,0,0,0,0,0.00080118,0,0.0089632,0,0.0030795,0.0085626,0.0071355,0,0.0025037,0.0060089,0.018928,0.0039809,0.016149,0.0029293,0.0014521,0.03062,0,0.0079617,0.01377,0.0092136,0,0,0.12899,0.074184,0,0.001352,0.021907,0,0,0,0.0092386,2.5037e-05,0.0042813,0,0,0,0,0,0,0.002003,2.5037e-05,0.00015022
0,0,0,0,0,0,0,0.00069444,0.0004386,0.00010965,0.00032895,0,0.00047515,0.00025585,0,0,0,0.0038012,0,0,0,0.0074196,0,0.0061038,0,0,0,0,0,0,0,0,0,0,0,0,0,0.014583,0,0,0,0,0,0,0,0.0044591,0,0,0.0014985,0.0039474,0.0027412,0.00076754,0.00084064,0.00025585,0,0.0049342,0,0,0.0027778,0,0.0086257,0,0.0033991,0.0071272,0.010599,0,0,0.005519,0.047405,0.0080775,0.018129,0.0041301,0.0076023,0.0063231,0,0.0041667,0.010965,0.0062865,0.005848,0,0.029349,0.30662,0,0.0021564,0.0079678,0,0.00018275,0.0024123,0.0027778,0.00062135,0.0037281,0,0,0,0,0,0,0.0021564,0,0
0,0,0,0,0,0,0,0.00025044,0,0,0.00012522,0,0.00012522,0,0.0020035,0,0,0,0,0,0,0.0076384,0,0.0027548,0,0.00025044,0,0,0,0,0.087653,0.00012522,0,0,0,0,0,0.0063862,0,0,0,0,0,0,0,0.010018,0,0,0.0033809,0.0036314,0.0017531,0.0030053,0.00012522,0.0020035,0,0.00012522,0,0,0.0026296,0,0,0,0.0026296,0,0,0,0,0.0053844,0.0088906,0,0.010894,0.0022539,0,0.0088906,0,0.0032557,0.0021287,0,0,0,0.014025,0.00025044,0.022039,0.0095167,0.0026296,0,0,0.0022539,0.0085149,0.00025044,0.0050088,0,0,0,0,0,0,0,0,0.00012522
0,0,0,0,0,0,0,0,0,0,0,0,0,0,0,0,0,0,0,0,0,0.00096882,0,0.01883,0,0,0,0,0,0,0,0,0,0,0,0,0,0.0025338,0.0058378,0.03145,0.037312,0,0,0,0,0.0017886,0,0,0.015973,0.0029065,0.0011924,0.00057136,0.00019873,0.00062104,0,0.0023103,0.057161,0,0.013638,0,0,0.011377,0.0042231,0,0.00042231,0,0,0.0028568,0.0087443,0.0034778,0.017861,0.0030307,0.0073034,0.010955,0,0.011179,0.0057384,0.0051174,0.00062104,0,0.013663,0.0068563,0,0.04869,0.0057633,0,0,0.0043473,0.0015899,0.00012421,0,0,0,0,0,0,0,0,0.00012421,4.9683e-05
0,0,0,0,0,0,0,0.00036475,0.00027356,1.8238e-05,0.00023709,0,0.00032828,0.0001459,0,0,0,0,0,0,0,0.00036475,0,0.0030274,0,0,0,0,0,0,0,0,0,0,0,0,0,0.0017873,0,0,0.0031551,0,0,0,0,0.0001459,0,0,0.00031004,0.0024985,0.00085716,0.00047418,0,0.00027356,0,0.00045594,0.0027903,0,0.0022067,0,0.0018602,0.00027356,0.0013313,0.0049788,0.0031186,0,0,0.0057083,0.014262,0.00012766,0.020572,0.0041399,0.012493,0.0094288,0,0.01552,0.012219,0.0062008,0.0017873,0,0.015247,0.00098483,0,0.003684,0.26257,0.00062008,0,0,0.0029362,0.0012949,0.01324,0.00020061,0,0,0,0,0,0.0037934,1.8238e-05,0.00020061
0,0,0,0,0,0,0,0.00063391,0.00035658,3.962e-05,0.00031696,0,0.00047544,0.00015848,0,0,0,0,0,0,0,0.0013867,0.010856,0.038431,0,0,0,0,0,0,0,0,0,0,0,0,0,0.00043582,0,0,0,0,0,0,0,0,0,0,0.00087163,0.0060222,0.0019414,0.00043582,0,0.00023772,0,0.0017036,0,0.0038431,0.0026545,0.022623,0.14235,0,0.0080428,0.089857,0.0034073,0,0,0.0090729,0.007607,0.00075277,0.016244,0.0059826,0.00031696,0.013788,0,0.0046355,0.0055468,0.014857,0.0039223,0,0.03748,0.003962,0,0.0045563,0.0062599,0.12496,0,0,0.010261,3.962e-05,0.0013074,0,0,0,0,0,0.0020602,0,0,0
0,0,0,0,0,0,0,0.00051813,0.00025907,0,0.00025907,0,0.0003886,0,0,0,0,0,0,0,0,0.0011658,0,0.0031088,0,0,0,0,0,0,0,0,0,0,0,0,0,0.0066062,0.009456,0.0068653,0.010104,0,0,0,0,0.00025907,0,0,0.0018135,0.0014249,0.00025907,0.0003886,0,0.00012953,0,0,0,0,0.0044041,0,0.0025907,0.00012953,0.0010363,0,0.0041451,0,0,0.0062176,0.003886,0.003886,0.009456,0.0041451,0.0040155,0,0,0.0029793,0.0066062,0.0015544,0.00012953,0,0.01386,0.00051813,0,0.0049223,0.014767,0,0.32474,0.01956,0.00025907,0.00051813,0.0023316,0,0,0,0,0,0,0.0053109,0,0
0,0,0,0,0,0.0051312,0,0.00095824,0.00068004,9.2733e-05,0.00064913,0,0.00086551,0.00037093,0,0,0,0,0,0,0.016537,0.0094278,0.00015455,0.012952,0,0.020958,0.012643,0,0,0,0,0.014868,0,0.00030911,0,0.00012364,0.01765,0.007975,0,0.011252,0.00034002,0,0,0,0,0.0064604,0,0,0.0046057,0.0058422,0.0046676,0.0017001,0.0015146,0.0046676,0,0.019103,0,0,0.006955,0,0,0.00018547,0.00040184,0,0.0019474,0,0,0.0037711,0.0063986,0,0.013044,0.0042657,0.0054712,0.0037711,0.0002782,0.0012983,0.00092733,0.00034002,0.0011128,0,0.0028129,0.00089642,0,0.014095,0.012612,0,0,0.27746,0.00074186,0.001051,0,0,0,0,0,0,0,0.00034002,0,0
0,0,0,0,0,0,0,0.0003132,0.0042374,0.0017502,0.00040531,0,0.0015844,0.00068166,0,0,0,0,0,0,0,0.0070746,0,0.0030767,0,0,0,0,0,0,0,0.005527,0,0,0,0,0.0084747,0.0025977,0,0,0,0,0,0,0,0.0007922,0,0,0.0056191,0.0080141,0.0012344,0.00051585,0.0002395,0.00029477,0,0.0023582,0,0,0.0058218,0,0.0060244,0.015347,0.010557,0.0056191,0.0047901,0,0,0.0070377,0.020708,0.011054,0.010538,0.0040163,0.028998,0.013817,0,0.011496,0.012749,0.01028,0.0015107,0,0.010557,0.014075,0,0.0032794,0.0062639,0,0.00036847,0.00073693,0.1968,0.0016949,0.0039426,0,0,0.0034636,0,0,0,0.0026898,0,0
0,0,0,4.8427e-06,0,2.4213e-05,0,0.00052301,0.00030509,1.4528e-05,1.9371e-05,1.9371e-05,1.9371e-05,2.9056e-05,0,0,4.3584e-05,0.00020339,0.0025327,0.0012494,6.7798e-05,0.0059759,0.0051187,0.013351,0.00060534,0.00084747,0.00015012,0.0001017,0.00022276,0.00022276,0.0015206,0.00099275,0.0010944,0.00064892,0,0,0.015216,0.058689,0.0035642,0.0015206,0.0029153,0.0025376,0.024979,4.3584e-05,0.0043923,0.00040679,0,0,0,0.0053173,0.0027797,0.002092,0.0045763,0.00662,0.0026199,0.034703,0.0016223,0.0043342,0.0043439,0.00015981,0.0014819,0.001293,0.0096369,0.0048039,0.0050461,0.0021453,0.001661,0.01323,0.014998,0,0.025414,0.00034867,0.00019371,0.019681,3.3899e-05,0.019797,0.0025327,0.0092641,0.0068137,0,0.0089541,0.0040097,1.9371e-05,0.001201,0.0059274,0.0014383,0.003264,0.0038741,0.0078597,0.0017434,0.033008,0.0012688,8.7168e-05,0.0017143,0.0016029,0,0.00099759,0.0011332,0.0074481,0.0026538
0,0,0,2.127e-05,2.127e-05,0,0,0.0020259,0.0017388,0.00025524,0.0011113,0.00039349,0.0028023,0.0025311,0,0,0.00060619,0.00023397,0.00031373,0,0.00055301,0.0048814,0.0066043,0.006131,0.00046262,0.0021695,0.00020738,0,5.8492e-05,2.127e-05,0.00017548,0.0012283,0.0012762,0.00078698,0,0,0.00047325,0.01407,0.00053175,0,0.00034563,0,0,0,0.0016537,0.0010369,0,0,0.0021376,0.0050675,0.0028448,0.0013613,0.00048921,0.0007923,0.00022333,0.0046794,0.0028076,0.00081889,0.0071148,0,0,0.00011698,0.0014463,0.00049452,0.0070244,0.0041317,0.00096246,0.0019887,0.006918,2.6587e-05,0.011347,0.001356,0.00019675,0.017824,6.3809e-05,0.0019409,0.0038924,0.0044082,0.0010263,0,0.0054982,0.0032596,0,0.0080081,0.0091247,0.0010156,0.0021748,0.0088536,0.0060194,1.5952e-05,0.0814,0,0,0.00041476,0.00031373,0,0.00038817,0.0016006,0.00034032,0
0.0001432,0,0,0,0,0,0,0.002045,0.0010427,0.00015662,0.00040722,0.00022375,0.00071151,0.0017721,0,0,0,0.00091736,0.001866,0,0,0.0056518,0.0060769,0.0045644,0,0.00064439,0.010981,0.0026402,0,4.4749e-06,0.086545,0.0029758,0.00032219,0.00029087,0,0,0.00068914,0.060868,0.000179,0,0.001065,0,0,0.0021524,0.0012888,0.022961,0,0,0.0027073,0.008198,0.0071509,0.001065,0.0027968,0.0060993,0,0.0060859,0.0011322,0.0021703,0.010015,0.0001253,0.00029087,0,0.0025999,0.001244,0.0071241,0,0.00024165,0.0070032,0.0097016,0,0.0037455,0.00047434,1.3425e-05,0.012476,0,0.011854,0.0050388,0.00031772,0.013599,0,0.0022867,0.0035934,0,0.0071375,0.024326,0.00038484,0.0023404,0.006963,0.0073836,0.00085023,0.00086813,0.014745,0.0092407,0.0001611,0.00044749,0,0,0,0.0036873,0.0031727
0.0005401,0,0,0,0,0,0,0.0047033,0.002903,0.0008214,0.00097892,0.0013052,0.0019241,0.0069875,0,0.00014628,0.00083265,0,0.00097892,0,0,0.0030043,0.0010352,0.004422,0.00027005,0.0038594,3.3756e-05,0,0,0,0.00065262,0.0008439,0,0,0,0,1.1252e-05,0.0082927,0.00074263,0,0.0035556,0,0,0,0.0012827,0.0017891,0,0,0.0051084,0.0055472,0.0032181,0.002543,0.00068637,0.0015415,0,0.0039607,0.0019353,1.1252e-05,0.0093167,0,0,0.00027005,0.0019241,0.0033193,0.008529,0.0025655,0.00085515,0.0063799,0.0098568,0,0.0082927,0.0016315,0,0.01222,0,0.0059186,0.0092829,0.0012602,0.00067512,0,0.0060648,0.0020366,0,0.0037244,0.027973,0,0.0024867,0.0072688,0.0070325,0,0.011691,0,0.13667,0.0012377,0.00036006,0,0.00045008,0.0027455,0.0016878,0.0008439
0,0,0,0,0,0,0,0.00062154,0.00043508,0.00018646,0.00043508,0,0.0006837,0.0018646,0.00062154,0.00093231,0,0,0.00018646,0,0.00062154,0.0029834,0.0011809,0.0037914,0,0.00062154,0,0.00062154,0,0,0,0.0093231,0.0015539,0.0021754,0.00043508,0,0,0.0070234,0,0,0,0.00012431,0.00043508,0,0.00018646,0.003232,0,0,0.0015539,0.0074585,0.00062154,0.00074585,0.00012431,0.00049723,0,0.0021132,0,0,0.0014917,0,0.00093231,0,0.0032942,0.0012431,0.0095096,0.00024862,0.004848,0.0041022,0.004413,0.0031077,0.018273,0.0036671,0.00074585,0.00074585,0,0.012742,0.016657,0.014979,0.0065262,0,0.01355,0.013736,0,0.0071477,0.0049102,0,0.0073964,0.0083287,0.010193,0.00062154,0,0,0,0.22139,0.0016782,0,0.00093231,0.0010566,0,0
0,0,0,0,0,0,0,0.00065617,0,0,0,0,0.00021872,0,0.0013123,0.0028434,0.0032808,0.00065617,0,0.00043745,0,0.003937,0.016185,0.007874,0,0.0017498,0,0,0,0.00065617,0,0,0.0067804,0.0030621,0.0043745,0.00087489,0,0.010061,0.0024059,0,0.0017498,0,0.00087489,0,0.00065617,0.0034996,0,0,0.0069991,0.020341,0.0096238,0.0061242,0.00065617,0.0054681,0,0.021872,0,0.0030621,0.0013123,0,0,0,0.0010936,0,0.02056,0.0056868,0.012905,0.0056868,0.016842,0,0.0019685,0.0019685,0,0.0052493,0,0.0028434,0.006343,0.012686,0.00065617,0,0.020779,0.0052493,0,0.0052493,0.011155,0,0.0059055,0.071304,0.011592,0.00043745,0,0,0,0.013561,0.040026,0,0.0067804,0.0013123,0.0017498,0
0.002227,0,0,0,0,0,0,0.0023198,0.0020414,0.00027837,0.0027837,0.00027837,0.0018558,0.0028765,0.00046395,0.0010207,0.00083511,0,0.00046395,9.279e-05,0,0.0091862,0,0.00018558,0,0,0,0,0,0,0,0,0,0,0,0,0,0.0021342,0,0.0020414,0,0,0,0,0,0.0051035,0,0,0.013547,0.005753,0.0093718,0.001763,0.0013919,0.0064953,0,0,0,0,0.0009279,0,0,0,0.0024125,0,0.0046395,0,0.018187,0.024218,0.024589,0.015403,0.014475,0.0025053,0.0029693,0.023847,0,0.01197,0.0011135,0.064582,0,0,0.064582,9.279e-05,0,0.0096502,0.0025053,0,0,0.015867,0.011413,0.00083511,0,0,0,0,0,0.12016,0.003526,0.0012063,0,0
0,0,0,0,0.00011044,0,0,0.0016567,0.0050436,0.00092037,0.0036815,0.0011044,0.0041233,0.0079152,0.00029452,0.010308,0.0052277,0.00055222,0.0017671,0.00011044,0,0.0093141,0.0087987,0.0064794,0.00047859,0.0012149,0,0,0,0,0,0.00014726,0.0022825,0,0,0,0.00044178,0.0057063,0.0020248,0.0062585,0.0060744,0,0,0,0.0014358,0.0038656,0,0,0.015315,0.02161,0.011928,0.0051173,0.0010676,0.0039024,0.00014726,0.0047123,0.00029452,0.0011781,0.0030188,0,0.0020248,0,0.0035342,0.00044178,0.020616,0.0050068,0.0048596,0.0051541,0.011339,0.00011044,0.005964,0.0035342,0.00036815,0.020395,0,0.011633,0.0096823,0.016051,0.025181,0,0.015867,0.006553,0,0.010529,0.0074366,0,0.0024666,0.031587,0.016677,0.00040496,0.00036815,0.0014726,0,0.015978,0.0070684,0.0034974,0.035048,0.0033501,0.00092037,0
0,0,0,0.00060827,0,0,0,0.0010341,0.00072993,0.00018248,0.00072993,0,0.00097324,0.0018856,0.00079075,0.02427,0.0027981,6.0827e-05,0.00060827,0,0.00030414,0.0028589,0,0.010523,0,0.00018248,0.00012165,0.00030414,0,0,0.0018248,0.0015207,0.00091241,0.0015207,0,0,0,0.014234,0,0.00018248,0.00024331,0,0,0.00018248,0.00036496,0.00012165,0,0,0.0057786,0.0061436,0.0090633,0.0020073,0,0.001399,0,0.00042579,0,0,0.00042579,0,0.0086375,0,0.019039,0,0.013747,0.0031022,0.0061436,0.0069951,0.023418,0.0017032,0.018431,0.003528,0,0,0,0.023054,0.029136,0.00091241,0.00054745,0,0.028467,0.025304,0,0.003528,0.0073601,0,0,0.020985,0.02871,0.00048662,0.00060827,0,0,0,0,0,0.00012165,0.06764,0,0
0.00020036,0.00040072,0,0,0.014025,0,0,0.0070126,0.0054097,0.00060108,0.0048087,0,0.0062112,0.0024043,0,0,0,0.00060108,0,0.00060108,0.0026047,0.0044079,0,0.0054097,0.00020036,0,0,0.0014025,0.0010018,0,0,0.00080144,0,0,0.00040072,0.00020036,0.0030054,0.067321,0.030655,0.0088159,0.00060108,0,0,0,0.00020036,0.007213,0,0,0.0014025,0.0032058,0.00040072,0.0024043,0.00020036,0.0012022,0,0,0.0012022,0.00020036,0.015428,0,0,0,0.0066119,0,0.0038069,0.00020036,0,0.057303,0.009417,0.0036065,0.012623,0.0044079,0.0052094,0.0074133,0,0.0040072,0.0040072,0.005009,0,0,0.002204,0.0014025,0,0.0042076,0.018233,0,0.00020036,0.0062112,0.0042076,0.00040072,0.0010018,0,0,0,0,0,0,0,0.054498,0
0,0,0,0,0,0,0,0.00077422,0.00045163,6.4518e-05,0.00061292,6.4518e-05,0.000871,0.00077422,6.4518e-05,9.6777e-05,6.4518e-05,0.0037098,0.0094842,0.00090325,0.0028711,0.0038066,0,0.0089358,0,0.02042,0,0,0,0,0,0.0017743,0,0.0041937,0,0,0.000871,0.0037421,0.0039679,0.0001613,0.00038711,0,0,0,0,0.0011291,0,0,0.0046131,0.0070647,0.0079357,0.0011936,0.00051615,0.0010968,0,0.00025807,0.0020001,0,0.0045163,0,3.2259e-05,0.0050324,0.0015162,0,0.00064518,0,0,0.0073551,0.005226,0.0032582,0.018388,0.0022581,0.0011936,0.016194,0,0.0013871,0.0093229,0.0007097,0.0019033,0,0.0087745,0.0014839,0,0.0055486,0.0024194,0,0,0.0022904,0.0046131,0.0001613,0.0011613,0,0,0,0,0,0,0,6.4518e-05,0.037324
