1,0.57447,0,0,0,0,0,0,0,0,0.0024314,0,0,0,0.0010165,0,0.00013548,0,0,0.0028418,0,0,0,0,0.0012212,0.00063098,0.0049541,0,0.0014674,0.0054194,0,0,0.0010175,0,0.004986,0,0.00087195,0,0.0012593,0.012441,0,0.0014882,0.00094705,0.001494,0.00052057,0.0003329,0,0,0,0,0,0.0014469,0,0.010381,0,0,0.0012579,0.0023372,0,0,0.0011682,0.0049155,0.00016306,0,0.0027603,0.0084726,0.00017271,0.0031505,0,0.0013444,0,0,0,0,0,0,0,0,0,0,0,0,0,0,0.0012048,0.00087093,0.0003403,0,0,0,0,0,0.00024188,0,8.5209e-05,0,0,0,0,0,0
2,0,0.4112,0,0,0,0.0064334,0,0,0.0001987,0.0090215,0.00028272,0,0.0064605,0.0029927,0,0.0024189,0.00019657,0,0.0019431,0,0,0.00019334,0.0073933,0.010309,0.0018376,0.0022583,0,0.0020904,0.00015836,0,0.00052097,0.00090188,0.00043242,0.010545,0,0,0,0.00071753,0.00014541,0,0.0005653,0.001511,0.0027903,0.0036254,0.00065759,0,0,0,0,0.00080399,0,0,0.00013598,0,0,0.0029665,0.0019025,0.00046235,0.00031757,0,0.0065353,0,0,0.00034952,0.00029259,0.00032804,0.0002992,0,0.001986,0.00036029,0,0,0,0,0,0,0,0,0,0,0,0,0,0,0,0.00038781,0,0,0,0,0,0.00012251,0,0,0,0,0,0,0,0
3,0,0,0.081301,0,0,0,0,0,0,0,0.0046357,0,0,0.0023744,0,0.0054851,0,0,0,0,0,0,0,0.00028172,0,0.0074057,0,0.0041892,0,0,0,0,0,0.0046164,0,0,0,0,0,0,0,0.0023595,0.00038773,0.0010808,0.00020735,0,0,0,0,0.00079097,0,0,0,0,0,0.0035909,0,0,0,0,0.0051027,0,0,0,0,0,0,0,0.00093041,0.00017902,0,0,0,0,0,0,0,0,0,0,0,0,0,0,0.0054246,0,0,0,0,0,0,0.0007533,0,0,0,0,0,0,0,0
4,0,0,0,0.16715,0,0,0,0.0023443,0,0.00012418,0.004597,0,0,0.010813,0.017044,0.018298,0.0018467,0,0.00015602,0,0,0,0,0.0010802,0.0012702,0,0,0.00016785,0.00011444,0,0.00037648,0.0011793,0.0023294,0.0017017,0.0092726,0,0,0.00021605,0,0,0.0011745,0.0062915,0.0057758,0.007288,0.0018826,0,0,0,0,6.972e-05,0.00059578,0,0.0002948,0,0,0.0038846,0.00036662,0.0018376,0,0.00032068,0.00089957,0,0,0.0012629,0.00084575,0.0010905,0.00086486,0,0.00082012,0.0011283,0,0,0,0,0,0,0,0,0,0,0,0.00013708,0,0,0.00095632,0.00060721,0,0,0,0,0,0,0,0,0,0,0,0,0,0
5,0,0.0015569,0,0,0.38834,0.00087197,0,0.027299,0.010576,0.0025241,0.00058629,0,0,0.0064062,0,0.0046248,0.0050954,0,0.00044773,0,0,0.0024057,0.0070761,0.0040142,0.0044183,0.00020814,0.00035378,0.00057799,0.00032839,0,0.0003201,0.0013062,0.00016304,0.0056616,0.00019857,0,0,0.00024799,0,0,0.00127,0.001691,0.0063421,0.0019137,0.0012588,0,0,0,0,0.00031122,0.00075985,0,0.00075197,0,0,0.0054774,0.0080659,0.0022372,0.00021952,0.00040899,0.001721,0.00059944,0,0.0038657,0.0020225,0.00036281,0.0012409,0,0.0025888,0,0,0,0,0,0.0003293,0,0,0,0,0,0,0,0,0.0056945,0,0.00035743,0.00046988,0,0,0,0,0.0008892,0,0.00035799,0,0,0.00028441,0,0,4.531e-05
6,0.00045678,0.24038,0,0,0.0036753,0.4174,0,0,0.012239,0.011472,0.003691,0,0.041916,0.0059579,0,0.0023211,0.00034994,0,0.0016656,0,0,0.0039009,0,0.0097674,0.0077756,0.0010721,0,0.025912,0.0035709,0,0.0006183,0.0024975,0.0012597,0.0088094,0.0011933,0,0,0.00063869,0.0011217,0,0.0030191,0.0024764,0.0083632,0.004068,0.0019811,0,0,0,0,0.0034733,0.0016308,0.00048444,0.0016139,0,0,0.010373,0.0070749,0.00082309,0,0.00087776,0.0099724,0.002573,0,0.0062223,0.0024308,0.00038932,0.0031959,0,0.0040407,0.00011662,0.0001048,0,0,0,0.0011779,0,0,0,0,0,0,0,0,0,0,0.0016876,0,0,0,0,0,0,0,0.00088356,0,0,0,0,0.00030242,0
7,0,0,0,0,0.0035718,0,0.37827,0.003026,0,0.00017921,0.00033697,0,0,0.0069036,0,0.00085876,0.0013471,0.0004598,0.00064332,0,0,0,0,0.00030717,0.00019045,0.0041271,0.0010675,0.00022146,0.0048129,0,0.00027597,0.002457,0,0.0025015,0.00051358,0,0,0.001069,0,0,0.0004211,0.00068605,0.0051294,0.00023569,0.0012359,0,0,0.0010647,0,0.00057495,0,0,0,0,0,0.0046984,0.00075584,0,0,0,0.0014837,0.00014765,0.0021048,0,0,0.00039097,0,0,0.0012174,0.00024724,0,0,0,0,0.00028389,0,0,0,0,0,0,0,0,0,0.00078863,7.7035e-05,0,0,0.00066481,0,0,0.00018252,0,0,0,0,0,0,0,0
8,0.0018856,0.0035467,0.42512,0,0.074634,0.0046351,0,0.30241,0.011827,0.0051828,0,0.0026066,0,0.039611,0,0.016641,0.056217,0,0.0010578,0,0,0.078858,0,0.005303,0.0022508,0,0,0.0024465,9.698e-05,0,0.00042539,0.0012098,0.00038518,0.013167,5.8642e-05,0,0,0.00051266,0,0,0.0090011,0.014277,0.0014481,0.0071854,0.0023543,0,0,0.015682,0,0.0011029,0,0,0,0,0,0.0038529,0.034176,0.00028315,0.00025931,0.00072468,0.0053364,0,0.00309,0.0004281,0,0.0005625,0.0025652,0,0.0070891,0,0,0,0,0,0.00043762,0,0,0,0,0,0,0,0,0.005045,0.0093199,0.0015041,0,0,0,0,0,0.00041265,0,0,0,0,0,0,0,0
9,0.00039299,0,0,0.58384,0,0,0,0.0012242,0.044716,0.00050445,0,0,0,0.052146,0.4375,0.11488,0.014251,0,0.00011023,0.0033853,0,0,0,0.0029473,8.1582e-05,0,0,0.010388,0.00056594,0,0.0056151,0.012761,0.0021274,0.0049134,0.00024444,0,0,0.0034191,0,0,0.0019481,0.015575,0.031485,0.010298,0.0089097,0,0.00018661,0.025084,0,0,0.0025255,0,0.0020827,0,0.11808,0.027424,0.0027197,0.010386,0,0.00075518,0.0015888,0.00031624,0.056416,0.00035689,0.0023901,0.0012728,0.0033606,0,0.0061996,0.0048383,0,0,0,0,0,0,0,0,0,0,0,0,0,0,0.0067563,0.0054118,0,0,0,0,0,0,0,0,0,0,0,0,0,0.00033465
10,0,0,0,0,0,0,0,0,0.26246,0.47578,0,0,0,0.057201,0,0.0036027,0.00015357,0,0.0014844,0,0,0,0,0.065764,0.00054931,0,0.00079972,0,0,0,0.00090449,0.0015032,0.057936,0.00031995,0.0029626,0,0,0.0010838,0.00022721,0,0.0063157,0.0036427,0.00088678,0.0077454,0.0064813,0,0.0554,0,0.0024321,0.000201,0.00085882,0,0.00059494,0,0,0.0042682,0.00015855,0.0010114,0,0,0.00077804,0,0,0,0,0.0016402,0.00093503,0,0.0023762,0.0043469,0,0,0,0,0.0016128,0,0,0,0,0,0,0,0,0,0,0.0033934,0,0,0,0,0,0.000134,0,0,0,0,0,0,0,0
11,0,0.0056589,0,0,0.0027741,0.056225,0,0,9.1964e-05,0.00055674,0.41455,0,0.0079738,0.0035745,0,0.0015721,0.00464,0.0046424,0.0078944,0,0,0,0,0.00077931,0.0014052,0.0078044,0,0.000344,7.3295e-05,0.0016029,0.0031078,0.00095412,3.6389e-05,0.0061602,0,0,0,0.0012731,0,0,0.003663,0.0016651,0.00091935,0.0059797,0.0012877,0,0,0,0,0.0017266,0.00050878,0,0.00025175,0,0,0.0056763,0.0021133,0.00042799,0,0.00041077,0.0034569,0.0017202,0,0.0038826,0.00054169,0.00060731,0.00083089,0,0.0023112,0,0,0,0,0,0.00036749,0,0,0,0,0,0,0,0,0.0019064,0,0.00071797,0.00062924,0,0,0,0,0.0008222,0,0,0,0,0,0,0.00047175,0
12,0,0,0,0,0,0,0,0,0,0,0.00011168,0.24884,0,0.00045762,0,0.0028462,0,0,0.00025586,0,0,0,0,9.5018e-05,6.3123e-05,0,0,0.0056151,0,0,4.5732e-05,0.0003393,0,0.0011324,0,0,0,0.00028344,0.0014934,0,0.0020098,0.0034107,7.4728e-05,0.00020831,0.00011989,0,0,0,0,0,0,0,0.00021487,0,0,0.00047188,0.0001002,0.0012785,0.0025508,0,0,0,0,0,0,0.00025917,0.00047276,0,0.00044831,0.00054342,0,0,0,0,0,0,0,0,0,0,0,0.0017234,0,0,0.00026138,5.1065e-05,0.0010741,0,0,0,0,4.8395e-05,0,0,0,0,0,0,0,0
13,0,0.012874,0,0,0,0.009401,0,0,0.0023653,0.0026644,0,0.0015967,0.19561,0.0053114,0,0.00056632,0,0,0.00021598,0,0,0,0,0.0011859,0.0035966,0,0,4.6469e-05,0.0011089,0,0.00011581,0.00064442,0.00051121,0.0024068,0,0,0,0.00017944,0,0,0.0027568,0.0010077,0.00123,0.004286,0.00035421,0,0,0,0,0,0,0,0.00013603,0,0,0.001653,0.0041869,0.00046251,5.2947e-05,0,0.0046697,0,0,0.011189,0,0.00013126,0,0,0.00073793,2.1844e-05,0,0,0,0,0,0,0,0,0,0,0,0,0,0,0,0.00058191,0,0,0,0,0,0.00030639,0,0,0,0,0,0,0,0
14,0,0.001233,0,0,0.0046633,0,0.27845,0.0084025,0,0.0027238,0,0,0,0.08455,0.013694,0.031412,0.015545,0.022579,0.0037608,0.0040426,0,0,0,0.0015203,0.024494,0.0073429,0.05554,0.010616,0.0001655,0,0.0048801,0.0026033,0.0018899,0.0051004,0.0023018,0,0,0.0016665,0,0,0.0028064,0.0094249,0.0031304,0.005052,0.0029429,0.00043806,0.00063668,0.00020747,0.0020176,6.7222e-05,0,0.0022752,0,0,0,0.0031073,0.0018558,0.018201,0.0081131,0,0.0015178,0.002719,0.00052734,0.00048706,0,0.0036112,0,0,0.0019768,0.0038796,0,0,0,0,0.00035959,0,0,0,0.00083645,0,0,0,0,0.003986,0,0.00067551,0,0,0,0,0,0.00014938,0,0,0,0,0,0,0,0
15,0,0,0,0,0.00046844,0.00012324,0,0.0055946,0,0,0,0,0,0.00022635,0.044547,0.00052291,0.00034567,0.0036181,8.4372e-05,0.00010797,0,0,0,2.0142e-05,6.2445e-05,2.9417e-05,0.00095002,3.6306e-05,0,0,6.7862e-05,0.00013426,0,2.0004e-05,0,0,0,4.6733e-05,0,0,0.00044182,0.00019682,0,0.00046366,6.9186e-05,0,0,0,0,0,0,0,0,0,0.01421,0.00021007,4.9564e-05,0.0021681,0,0,0.00012161,0,0,0.00013659,0,7.6915e-05,0,0,0.0001774,4.2666e-06,0,0,0,0,0,0,0,0,0,0,0,0,0,0,0,0,0,0,0,0,0,1.1969e-05,0,0,0,0,0,0,0,0
16,0.0021868,0,0,0,0.088543,0,0.00064913,0.085617,0,0.0010374,0.034203,0.00025192,0,0.010102,0,0.12484,0.12895,0.024477,0.0041402,0,0,9.1545e-05,0,0.0027578,0.0038965,0.026304,0.040166,0.0017596,0.0003749,6.8325e-05,0.016774,0.0074628,0.0012657,0.014931,0.012718,0,0,0.009541,0,0,0.0046841,0.0042244,0.0060012,0.0049624,0.0027663,0,0.00017306,0,0,0.00031977,0.016135,0.00038653,0.012298,0,0,0.0050339,0.0018016,0.0059107,0.010601,0.0044123,0.0038311,0.028654,0,0.00099296,0.0012468,0.0017396,0.02465,0,0.0053735,0.00053246,0.0058114,0,0,0.00015279,0,0,0,0,0,0,0,0,0,0,0,0.0012241,0,0,0.00026411,0,0,0.0007541,0,0,0,0,0,0,0,0
17,0,0.010962,0,0,0.0849,0.0017324,0.00072416,0.1705,3.1486e-05,0.0034946,0.018891,0,0,0.022029,0,0.025636,0.12844,0.045442,0.0044477,0.020504,0,0.0144,0.049416,0.0067975,0.0054442,0.026919,0.015545,0.0030426,0.0012129,0.012196,0.0072771,0.0064653,0.00060217,0.012844,0,0,0,0.0035375,0,0,0.0054122,0.0076392,0.0073195,0.0012186,0.0046091,0,0,0.00047185,0,0.00067949,0.00043548,0.00086243,0.00021548,0,0,0.010211,0.0035508,0.0017096,0.00064303,0.00015627,0.0072329,0.0012106,0.0034648,0.0092312,0.00046365,0.0026684,0.00047413,0,0.0054851,0.0025779,0,0,0.00018095,0.00025567,0.0079685,0,0,0,0,0,0,0,0,0.0012087,0.0022718,0.00068282,0.0010772,0,0.0020625,0,0,0.0011487,0,0.00015388,0,0,0.00021733,0,0,0.00024237
18,0.00050272,0.013238,0,0,0,0.018248,0,0,0,0.00012626,0.017634,0,0.097326,0.0027111,0,0.00063863,0.00028885,0.14815,0.0011986,0.00018044,0,0,0.0020428,0.0004264,0.0036526,0.0034414,0,0.00018203,0.00010342,0.0020734,0.00041585,0.00095365,0.00092425,0.0061181,3.1269e-05,0,0,0.0019916,0,0,0.00032305,0.0014567,0.00021621,0.00094709,0.00079287,0,0,0,0,6.301e-05,0.00035896,0,0.00026643,0,0,0.0013003,0.0012425,0.00045294,6.9135e-05,0,0.0010162,0.00040454,0,0.00022827,0.00038218,0.00034278,0.00039081,0,0.00070413,1.4261e-05,0,0,0,0,2.5927e-05,0,0,0,0,0,0,0,0,0.00014945,0,0.00016885,0.00022198,0,0,0,0,0.00032005,0,0.0001057,0,0,0,0,0,0
19,0,0.0027926,0,0,0,0.0085399,0,0,0,0.0056526,0.029446,0.054306,0.016747,0.0051614,0,0.0061465,0.0033098,0.11438,0.2535,0.049495,0,0,0,0.0071699,0.0054922,0.03434,0,0.0011934,0.00049481,0,0.001045,0.001819,0.00095534,0.017594,0,0.010579,0,0.003363,0.0021707,0,0.0041215,0.0028977,0.00022987,0.0025631,0.0012644,0,0,0.00020675,0,0.00011165,0.0015265,0.045347,0.00075536,0,0,0.0038154,0.01004,0.00048155,0,0.00082165,0.0090757,0.00051611,0,0.0082515,0.0016253,0.00123,0.0018697,0,0.0032308,0,0,0,0.0014272,0,0.0057887,0,0,0,0,0,0,0,0,0.00079446,0,0.00053855,0,0,0,0,0,0.00029773,0,0,0,0,0,0,0,0
20,0,0,0,0,0,8.0326e-05,0,0,0,0.0017781,0.041857,0.24597,0,0.0052867,0,0.0034411,0.0052259,0.015968,0.0043307,0.31976,0,0.016498,0,0.0018818,0.0037649,0.002157,0,0.0015086,0,0.00018378,0.00044232,0.0013127,2.5032e-05,0.011442,6.0975e-05,0,0,0.0011423,0,0,0.0024298,0.0030239,0.00036138,0.00029382,0.00054758,0,0,0,0,0,0.00069998,0,0.00069272,0,0,0.0026877,0.0018576,0.0023553,0,0.00047095,0.0027744,7.8886e-05,0,0.0006677,0.00093157,0.0010027,0.0015242,0,0.0022403,0.00015295,0,0,0,0,0.0001264,0,0,0,0,0,0,0,0,0,0,0.0016875,0,0,0.0014208,0,0,1.9503e-05,0,0,0,0,0,0,0,0
21,0,0,0,0,0,0,0,0,1.1085e-05,0,0,0,0,0.00064631,0.059212,0,2.7417e-05,0,0.00012045,0,0.25348,0,0,0.0002013,0.00013372,0.00046197,0,0.0020474,0,0,6.4589e-05,0.00021564,2.1932e-05,0,0,0,0.079763,0.00010008,0,0,0.00090673,0.0022078,7.9155e-05,0.00018387,0.00012699,0,0,0,0,0,0,0.00068317,0.00015173,0,0,0.0004443,0.0011322,0.0010318,0,0,0.00052087,0.001486,0.0080229,0.00039,0,0.00021962,0.00033385,0,0.00037989,6.0912e-06,0,0,0,0,0,0,0,0,0,0,0,0,0,0,0,0.00010818,0,0,0,0,0.00085068,0,0,0,0,0,0.0017216,0,0,0
22,0,0.016813,0.001829,0,0.0015967,0.0075612,0,0.00039021,4.8861e-05,0.0036315,8.6906e-05,0,0,0.0097927,0,0.0038601,0.011964,0.0011858,0.0017919,0,0,0.0523,0.1458,0.003116,0.0059925,0.0040262,0.00031465,0.0088245,0,0.03034,0.00088967,0.00071288,4.8335e-05,0.0053186,0.0051805,0,0,0.0013969,0,0,0.002259,0.0023886,0.0032855,0.0021072,0.00093294,0,0,0,0,0.00031634,0,0.0055207,0.0001672,0,0,0.0047491,0.0022613,0.0078167,0.00205,0,0.0044004,0.00057121,0.001551,0,0,0.00044368,0,0,0.0015001,0.00020808,0,0,0,0,0,0,0,0,0,0,0,0,0,0,0,0.00011921,0,0,0,0,0,0.00011298,0,0.0001393,0,0,0.00025295,0,0,0.00012089
23,0,0.002152,0.0022871,0.064067,0,0.0028221,0,0,0.00027496,0.00063411,0.0041732,0,0,0.013982,0,0.0021603,0.00022668,0,0.00044816,0,0,0.039152,0.12369,0.0034475,0.00033169,0.00069446,0,0.0066639,0,0.025294,0.0001068,0.0010103,0.0001088,0.014215,0,0,0,0.00038614,0.00030183,0,0.00039114,0.0052439,0.0004363,0.0015811,0.00027999,0,0,0.0005494,0,0.00013351,0.00076057,0,0.00031362,0,0,0.0036091,0.0016381,0.0010663,0.00065918,0.00040938,0.0017226,0.00017143,0.0084952,0,0.00040489,0.00036315,0.00027602,0,0.001204,3.5253e-05,0,0,0,0,0,0,0,0,0,0,0,0,0,0,0.0071725,0.00023851,0,0,0,0,0,1.4128e-05,0,0,0,0,0,0,0,0
24,0.00041799,0.043155,0.41141,0,0.0002893,0,0,0,0.18089,0.20228,0,0.22304,0,0.082198,0,0.064017,0.011368,0,0.0026965,0,0,0,0,0.38471,0.0072599,0,0.050442,0.0036492,0.0034397,0,0.021584,0.0052394,0.033443,0.00040769,0.012965,0,0,0.0037232,0.0067642,0,0.022537,0.0049229,0.015392,0.018135,0.0083503,0,0.00013232,0.00010779,0.010712,3.4927e-05,0.0026861,0,0.0024121,0,0,0.010962,0.027549,0.0065277,0,0.00080322,0.010815,0,0.00018266,0.00037959,0.0034954,0.008384,0.0047658,0,0.0086482,0.018592,0.0012147,0,0,0,0.001624,0,0,0,0.00072433,0,0,0,0,0,0,0.0014741,0,0,0,0,0,0.00041025,0,0,0,0,0,0,0,0
25,0.00052895,0,0,0,0,0,0,0,0,0.00068881,0,0,0,0.0029631,0,4.7154e-05,0,0,0.013155,0,0,0,0,0.00075561,0.23491,0,0,0.028793,0,0,0.0025457,0.012336,0.0013506,0.017963,0.0013379,0,0,0.001397,0,0.0031625,0.0010683,0.024293,0,9.0591e-05,0.0038815,0,0.010884,0.026463,0.00082912,0.001105,0.0028956,0,0.002118,0,0,0.0049434,0.001685,0.011332,0.0027399,0.00074539,0.0015682,0.0067252,0,0.0011208,0.0028148,0.0024646,0.004112,0.00017927,0.0028335,0.00040514,0,0,0.00062775,0,0.00089115,0.00031694,0,0,0,0,0,0.017945,0,0,0,0.00047376,0,0,0,0,0,0.0016978,0,0.00016311,0,0,0,0,0,0
26,0.00018543,0.0058908,0,0,0.027963,0.203,0,3.3979e-05,0,0.00326,0.029083,0.0041015,0.031957,0.012977,0,0.0060008,0.016313,0.014684,0.023249,0.00013312,0,0.049278,0,0.0058526,0.0047349,0.14558,0.00055483,0.0019696,0.0027086,0,0.0017292,0.0048212,0.0035228,0.016944,0.010519,0,0,0.0034571,0,0,0.0048005,0.0036053,0.00052408,0.00095276,0.0014379,0,0,7.1732e-05,0,0.00010846,0.00092684,0.0049166,0.00091724,0,0,0.0060432,0.0051943,0.0065715,0.00051002,0.00035634,0.0041983,0.00014922,0.00024311,0.001684,0.0012687,0.001138,0.0015857,0,0.0036362,0.00065229,0,0,0.00016505,0,0.006159,0,0,0.00048374,0,0,0,0,0,0,0,0.0012768,0.00016376,0,0.001075,0,0,0.00032465,0,0.00018714,0,0,0,6.8377e-05,0,3.1582e-05
27,0.00098339,0.00065768,0,0,0.044871,0.0067363,0,0.033012,0,0.00048297,0.00028895,0,0.00044019,0.0074492,0,0.026826,0.016474,0.014786,0.0040822,0.0012001,0,0.011165,0,0.00094823,0.01331,0.017811,0.099582,0.00071215,0.0046127,0,0.027125,0.0027214,6.0265e-05,0.0057027,0.0046731,0,0,0.0016806,0,0,0.0019861,0.0018017,0.0022476,0.0033011,0.0012149,0,9.3391e-05,0.00030433,0,0.00052589,0.0063195,0,0.0047253,0,0,0.003856,0.00071295,0.0003544,0.00054095,0.0017385,0.00095419,0.0009496,0.00012892,0.00017861,0.0017942,0.00077111,0.0097853,0,0.0023488,0,0,0,0,0,0.00060861,0,0,0.00025653,0,0,0,0,0,0.0059638,0.00033813,0.00069362,0.00017369,0,0,0,0,0.00020347,0,8.2704e-05,0,0,0,0,0,0.00010049
28,0.00018191,0,0.0098429,0,0,0.020629,0,9.9998e-05,0.33871,0.00036548,0.012561,0,0,0.0099926,0,0.00097301,0.00020904,0,0.00045921,0,0,0,0,0.0050511,7.5526e-05,0.0008539,0,0.058205,0.00022454,0,0.00021888,0.00048717,0,0.0031695,0.00040733,0,0,0.00019783,0,0,0.00020039,0.00057813,0.0031518,0.00021809,0.0001315,0,0,0,0,0.00097281,0.00064945,0,0.00083553,0,0,0.0051661,0.0047958,0.00010926,0,0.00034956,0.0041185,0,0.025995,0.0004956,0.0012446,0.00015505,0.0011313,0,0.0083142,0.00086178,0,0,0,0,0,0,0,0,0,0,0,0,0,0,0,6.1099e-05,0,0,0,0,0,0.00026057,0,0,0,0,0,0,0,0
29,0.00053298,0,0,0,0,0,0,0,0,0.00074364,0,0,0,0.0018271,0,0,0,0,0.010116,0,0,0,0,0.00085655,0.0034299,0,0,0.003581,0.30662,0,0.010661,0.0043217,0.0031211,0.0017959,0.0016797,0,0,0.022164,0,0.00072424,0.0097856,0.0019596,0.0034929,0.0034687,0.015142,0,0.018644,0.016219,0.002757,0.0030878,0.0015223,0.019596,0.0011926,0,0,0.0045584,0.00040983,0.013019,0,0.00047796,0.0030168,0,0,0.0037109,0.0012155,0.004573,0.0017955,0,0.0029599,0.00068038,0,0,0,0,0.0031703,0.012455,0,0,0,0,0,0,0,0,0,0.0086524,0.0092566,0,0,0,0,0.00024035,0,0.001524,0,0,0,0,0,0
30,0,0.00093703,0.043641,0,0.00090508,0.013307,0,0.012779,0,0.0017654,0.021042,0,0.0089196,0.024304,0,0.010792,0.00582,0.0034953,0.012715,0.011443,0,0.0040041,0.11539,0.0033803,0.0018615,0.0043358,0.00033122,0.0076661,0.0035357,0.087318,0.00041208,0.0031129,5.0881e-05,0.030346,6.1971e-05,0,0,0.00065785,0,0,0.004939,0.0054015,0.0028464,0.0019197,0.00076931,0,0.00023655,0,0,0.00020813,0.0007114,0,0.00052802,0,0,0.0037752,0.0027908,0.00089766,0.0011989,0.00028718,0.0028197,8.0174e-05,0.00032655,0.0002262,0.00094677,0.00055197,0.00096817,0,0.0019831,0.0012153,0,0,0,0,0,0,0,0,0,0,0,0,0,0,0.00021411,0.001715,0,0,0,0,0,3.9643e-05,0,0,0,0,0,0,0,0
31,0.00132,0.0041933,0,0,0.020008,0.0055378,0.17632,0.0072563,0,0.00083983,0.024242,0,0,0.0080126,0,0.010485,0.023596,0.0010585,0.0077011,0,0,0.011803,0,0.0026753,0.017099,0.015749,0.066966,0.00070101,0.0030415,0,0.15696,0.0031521,0.0019415,0.0053022,0.00059115,0,0,0.0034043,0,0,0.0018904,0.0023197,0.0025304,0.01682,0.0044934,0,0.00012536,0.00051062,0,0.00055149,0.010556,0.00055998,0.0082083,0,0.0054876,0.0021987,0.001044,0.00222,0.0011981,0.0029424,0.003202,0.0054385,0.0012114,0.0021578,0.0024084,0.0023852,0.015187,0,0.0037366,0,0,0,0,0.0011067,0,0,0,0,0,0,0,0,0,0,0.0027232,0.014054,0.001632,0,0,0,0,0.00021009,0,0.00066609,0,0,0.0014111,0,0,0.0015287
32,0.00016344,0,0,0,0,0,0,0,0,0.00042871,0,0,0,0.00069692,0,0,0,0,0.00091685,0,0,0,0,0.00099957,0.0024768,0,0,0.0032746,0.0018157,0,0.002409,0.26257,0.0056757,0.0026303,0.0032734,0,0,0.021228,0,0,0.020105,0.006172,0.0019682,0.023821,0.008399,0,0.00054326,0.0064488,0,0.0093548,0.0017505,0,0.0011549,0,0,0.0095368,0.0008079,0.00078536,0.0038884,0.00050251,0.003436,0.00039456,0,0,0.0016152,0.0087203,0.002287,0,0.0054699,0.00011591,0,0,0,0,0.0087158,0.016041,0,0,0.0028889,0.00036145,0,0.0061622,0,0,0,0.0046935,0.030021,0,0,0,0,0.00092345,0,0.0099792,0,0,0.00096097,0,0,0.0001531
33,0,0,0,0,0,0,0,0,0,0.00092982,0,0,0,0.0035976,0,9.6864e-05,0,0,0.012516,0,0,0,0,0.0018497,0.0056842,5.6671e-05,0.0075135,0.002483,0.014336,0,0.0020482,0.011122,0.16712,0.0019654,0.047687,0,0,0.010286,0,0,0.029099,0.0088565,0.0053584,0.058457,0.029808,0,0.025522,0.022137,0.018871,0.043435,0,0,0,0,0.00027376,0.0068273,0.0017665,0.017839,0.0059571,0,0.0023429,6.9949e-05,0,0.0007894,0,0.013756,0,0,0.0057457,0.007303,0,0,0,0,0.0040945,0.029116,0,0,0.014611,0,0,0,0,0.00051683,0,0.006642,0.00012794,0,0,0,0,0.0018562,0,0.0043741,0.00084436,0,0,0,0,0
34,0.0036957,0,0,0,0,0,0,0,0,0.00025046,0,0,0,0.0063897,0,0,0,0,0.0048869,0,0,0,0,0.0012374,0.0056993,0.0080029,0.002194,0.11211,0.0089337,0,0.0013301,0.025657,0.0038152,0.1143,0.0058782,0,0,0.0022762,0,0,0.0028838,0.025983,0.001184,0.0015824,0.0031659,0,0.00062675,0,0.0026689,0.00020955,0.023561,0,0.013431,0,0,0.0058583,0.020487,0.0064217,0.03476,0.0066453,0.003522,0.03522,0,0.0056338,0.015252,0.0038925,0.038889,0,0.0060716,8.2374e-05,0,0,0,0,0.0056773,0.00052199,0,0,0.00061756,0,0,0.033014,0,0,0,0.00057632,0,0,0,0,0,0.027205,0,0.00013321,0,0,0,0,0,0
35,0.014069,0,0,0,0,0,0,0,0,0.00055378,0,0,0,0.01133,0,0,0.0086985,0,0.015951,0,0,0,0,0.0028759,0.017616,0.0086898,0,0.0029851,0.023277,0,0.0031407,0.0056188,0.0084406,0.0062245,0.1968,0,0,0.013184,0,0.0024149,0.018816,0.0049282,0.0014923,0.015827,0.010939,0,0.042194,0.018734,0.0013929,0.019478,0.024322,0,0.00088953,0,0,0.0043821,0.00078088,0.0038251,0,0.002106,0.003353,0.019855,0,0.0017484,0.0024769,0.0096438,0.0099012,0,0.00476,0.00053775,0,0,0,0,0.011457,0.016239,0,0,0,0,0,0,0.021794,0,0,0.0064665,0.019095,0,0,0,0,0.0010843,0,0.0026654,0,0,0,0,0,0
36,0.12141,6.7308e-05,0,0,0,0,0,0,0,0.00069199,0.00017743,0,0,0.0029485,0,0.0012704,0,0,0.0098461,0,0,0,0,0.0010639,0.0012034,0.0012283,0,0.00040814,0.0003644,0,0.00024219,0.00044921,0.00014802,0.0033625,4.0063e-05,0.15687,0,0.00077553,0.050464,0,0.0045529,0.00060207,0.00035616,0.001241,0.00029629,0,0,0,0,6.7276e-05,0.015867,0,0.0036412,0,0,0.0011662,0.00042452,0.00029016,0,0.037194,0.0029947,0.00015549,0.00031666,0.00014624,0.0030604,0.00019215,0.00087627,0.0010642,0.0009259,0,0.00011083,0,0,0,0,0,0,0,0,0,0,0,0,0,0,0.00059493,0,0,0,0,0,0.00014096,0,0,0,0,0,0,0,0
37,0.029055,0,0,0,0,0,0,0,0,0.0001487,0.00065242,0,0,0.0023869,0,5.0899e-05,0,0,0.007509,0,0,0,0,0.00070234,0.00094821,0.00074448,0,0.0018377,0.0052205,0,0.00030532,0.00059463,5.1837e-05,0.0029195,1.5784e-05,0.12983,0.20412,0.0032328,0.035544,0,0.00048919,0.00075903,0.00015591,0.00047806,0.00047526,0,0,0,0,0,0.012774,0,0.012686,0,0,0.00070228,0.00079443,0.00015242,0,0.014873,0.0010259,0,0,0,0.00038582,0.00017303,0.00049317,0,0.0012533,0,0.0026489,0,0,0,0,0,0,0,0,0,0,0,0,0.00052807,0,8.523e-05,0,0,0,0,0,7.0678e-05,0,0,0,0,0,0,0,0
38,0,0,0,0,0,0,0,0,0,8.0946e-05,0,0,0,0.0031125,0,0.0060554,0,0.0033922,0.0092211,0,0,0,0,0.00031654,0.0041149,0,0,0.00021396,0.098235,0,0.0010665,0.015735,0.0060573,0.0006859,0.0073975,0,0,0.12899,0,0,0.016273,0.0016269,0,0.0087769,0.0080062,0,0.012167,0.022318,0,0.00078102,0.0010356,0,0.0010249,0,0,0.005377,5.3107e-05,0.0031943,2.2162e-05,0.00018581,0.0099034,0,0,0.00014635,0.0014701,0.006593,0.0020045,0,0.0027799,0,0,0,0,0,0.02033,0.019815,0,0.0006306,0,0.0003564,0,0,0,0,0,0.0077131,0.011385,0.0036666,0,0,0,1.2824e-05,0,0.0023176,0,0,0.00051684,0,0,0
39,0,0.055352,0,0,0,0,0,0,0,1.5413e-05,0,0.048676,0.43205,0.0015586,0,0.00036929,0.0080397,0,0.0037569,0,0,0,0,0.0029527,0.0014619,0.02752,0,0.038999,0.0033805,0,0.00056073,0.0021263,0.00084622,0.019339,0,0.00023767,0.30105,0.0066718,0.16822,0,0.00050704,0.011333,0.0018155,0.00016554,0.0023774,0,0,0,0,0,0.0013803,0,0.00097574,0,0,0.0084073,0.0082363,0.0048105,0,0.00037148,0.0075924,0,0,0.0003762,0.0015746,0.006167,0.0020396,0,0.0038274,0.0011281,0.0022176,0,0,0,0,0,0,0,0,0,0,0.02467,0,0,0,0.00048698,0,0,0,0,0.16138,0.00014285,0,0,0,0,0,0,0,0
40,0,0,0,0,0,0,0,0,0,1.7734e-05,0,0,0,0.00055792,0,0.001126,0,0,0.00040107,0,0,0,0,7.8017e-05,0.00026385,0,0.0038557,0.00046022,0.00013074,0,0.0012187,0.002021,0.00019473,0.00071847,3.9528e-05,0,0,0.0026411,0,0.32474,0.0014877,0.0011287,1.9523e-05,0.00062584,0.00031322,0,0.0022633,0.0012292,0.0056407,0.00041154,0.00022689,0,0.00022453,0,0,0.00059996,5.2357e-05,0.00019086,0.0017042,0,0.0003854,2.557e-05,0,0,0.00024156,0.0013,0.00037053,0,0.00074957,0,0,0,0,0,0,0,0,0,0,0,0,0,0,0,0,0.0008538,0.0057524,0,0,0,0,5.0573e-05,0,0.00024051,0,0,0,0,0,0
41,0,0,0,0,0,0,0,0,0,0.00017829,0,0,0,0.0015358,0,0,0,0,0.0021654,0,0,0,0,0.00082001,0.0033159,0,0,0.0009318,0.0021907,0,0.00078076,0.0056144,0.005778,0.00061964,0.0067724,0.00011455,0,0.0023782,0,0,0.076175,0.0014184,0,0.011444,0.008511,0,0.014537,0.0098347,0,0.0010121,9.5043e-05,0,4.7029e-05,0,0,0.0038077,0.00065797,0,0,0.00010231,0.0025831,0,0,0.00012088,0.00020238,0.0027455,0.00010348,0.00013534,0.0014719,3.776e-06,0,0,0,0,0.0038718,0.0057426,0.00022543,0,0.0001384,0,0,0.0013777,0,0,0,0.0017659,0.00011755,0,0,0,0,4.237e-05,0,0.004142,0,0,0,0,0,0
42,0,0,0,0,0,0,0,0,0,0.00035597,0,0,0,0.021431,0,0.022495,0,0,0.0014536,0,0,0,0,0.00069404,0.0046894,0,0.010381,0.012157,0.007545,0,0.0020385,0.00344,0.0027959,0.0097029,0.0010579,0,0,0.011354,0,0,0.0056357,0.04869,0.00040821,0.010241,0.0030737,0,0.0088336,0,0.0054676,0.0032644,0,0,0,0,0,0.0049423,0.0010947,0.0057466,0.027447,0,0.0024713,0.0097947,0,0.0009654,0,0.0026049,0,0,0.0023901,0.00035056,0,0,0,0,0.0060445,0,0,0,0,0.0014694,0,0.075347,0,0,0,0.00037936,0,0,0,0,0,5.2873e-05,0,0,0,0,0.00014205,0,0,0
43,0,0,0,0,0,0.019222,0,0.018394,0.0040265,0.00065191,0.038702,0,0,0.0097969,0,0.012968,0.0035578,0,0.0029009,0,0,0,0,0.0012493,0.0017681,0,0.031713,0.0034218,0.0011765,0,0.036527,0.0086081,0.010949,0.0035118,0.001998,0,0,0.01087,0,0,0.0094273,0.020268,0.25615,0.0045429,0.0094512,0,0.0052577,0,0.0072094,0.015403,0,0,8.598e-05,0,0,0.0069048,0.0014836,0.002558,0,0.00046763,0.0075757,0.0012337,0,0.0027625,0,0.0045838,0.00028377,0,0.0056329,0.0032273,0,0,0,0,0.0098899,0,0,0,0,0,0,0,0,0,0,0.0012669,0,0,0,0,0,0.045006,0,0.0011973,0.013758,0,0,0,0,0
44,0,0,0,0,0,0,0,0,0,0.00084807,0,0,0,0.0022288,0,0,0,0,0.0057431,0,0,0,0,0.0011095,0.0031278,2.5187e-05,0,0.0011346,0.00023844,0,0.0024404,0.0077022,0.0018677,0.00082214,0.0054627,0,0,0.008803,0,0,0.0081097,0.0061149,0.0015824,0.028164,0.012135,0,0.00073379,0,0.0098707,0.006962,0,0,0,0,0,0.0040036,0.00055169,0.0028619,0,0,0.0036445,0,0,0.00070169,0,0.0074197,0,0,0.0014999,1.8265e-05,0,0,0.0099722,0,0.018849,0.0052316,0,0,0,0,0,0.0019993,0,0,0,0.0025087,0.00011372,0,0,0,0,4.0992e-05,0,0.0023718,0.00090064,0,0,0,8.5258e-05,0
45,0.00097974,0,0,0,0,0.00014049,0,0,0,0.00010936,0,0,0.0008223,0.0061745,0,0,0,0.00049102,0.0064579,0,0,0,0,0.004904,0.0046525,0.0014851,0.0038678,0.0011973,0.013353,0,0.037796,0.011958,0.049359,0.0017266,0.089033,0,0,0.043856,0,0.0011982,0.11094,0.0060443,0.00033107,0.044361,0.19205,0,0.067167,0,0.038182,0.019638,0.0068208,0,0.004976,0,0,0.0053912,0.00064574,0.0075032,0.0023579,0.0019298,0.0015844,0.019474,0,0.00088975,0.0070758,0.013799,0.0091397,0,0.0089197,0.00010075,0,0,0,0,0.034373,0.02131,0,0,0,0,0,0.0022936,0,0.062621,0,0.014685,0,0,0,0,0,0.00018517,0,0.011309,0,0,0,0,0,0
46,0,0,0,0,0.0012474,0,0,0,0,6.5241e-05,0,0,0,0.00084708,0,0.00031264,0.0016419,0.00013019,0.00018216,0,0,0,0,0.00011017,2.6964e-05,0,0,7.8385e-05,0,0,0.00013675,0.00033336,0,0.00038007,0,0,0,0.00014126,0,0,4.7695e-05,0.00050993,0.00011172,4.4491e-05,0.00023046,0.10482,0,0,0,3.256e-05,0,0,4.5891e-05,0,0,0.00061143,0.00012841,0,0,0,0.00021005,0,0,0,0,0.00013285,0,0,0.000383,0,0,0,0,0.10068,0,0,0,0,0,0,0,0,0,0,0,2.1813e-05,0,0,0,0,0,1.0336e-05,0,0,0,0,0,0,0,0
47,0,0,0,0,0,0,0,0,0,0.00018636,0,0,0,0.0043554,0,0,0,0,0.01074,0,0,0,0,0.0025988,0.0079718,0,0.00070308,0.00012091,0.0049233,0,0.0018415,0.0025214,0.02375,0.00026648,0.0023816,0,0,0.01501,0,0.0072601,0.0017166,0.0016855,0.00025987,0.01222,0.0077608,0,0.034514,8.6115e-05,0.0073017,0.00010231,0.00095373,0,0.00062923,0,0,0.00069671,0.00055021,0.0040783,0.00065821,0.00034223,0.0016201,0,0,0.00040434,0.0009308,0.005825,0.00095183,0,0.001559,0.00027787,0,0,0,0,0,0,0,0,0,0,0,0.0004663,0,0,0,0.00065425,9.8296e-05,0,0,0,0,2.6573e-05,0,0,0,0,0,0,0,0
48,0,0,0,0,0,0,0,0,0,0.00010506,0,0,0,8.8534e-05,0,0,0,0,0.00033,0,0,0,0,4.727e-05,4.8848e-05,0,0,0.13871,4.8409e-05,0,0,0.00013129,0.00062488,0.00084503,0.00042445,0,0,0.0015537,0,0.00086332,0.00043203,0.01687,0.00014457,0.00050375,0.00043297,0.40918,0.00044694,0.11774,0.0039282,0.0046501,0.00016802,0,0.00012471,0,0,0.0020693,7.7544e-05,0.00014134,0,9.0435e-05,0.0002854,0.0021586,0,0.00021369,0.00026833,0.00040112,0.00036585,0,0.0031397,0,0,0,0,0.014698,0.003847,0.019923,0,0,0.0025689,0,0,5.7987e-05,0,0,0.0024273,0.0039517,0.0002078,5.3538e-05,0,0.00037892,0,0.00050559,0,6.9264e-05,0,0,0,0,0,0
49,0.0003944,0,0,0,0.00013649,0,0,0,0,0.0011079,0.019749,0,0,0.0049134,0,0.0063991,0.0095849,0,0.011247,0.025245,0,0.00066043,0.016124,0.0011092,0.00035479,0.012368,0,0.0066485,0.00078435,0,0.0051014,0.0059853,0.00014771,0.0039343,0.00039251,0,0,0.0018587,0,0,0.00072412,0.011207,0.00058157,0.00094567,0.0017883,0,0,0,0.27746,0.0019444,0.0020652,0,0.0014399,0,0,0.0028699,0.006542,0.016504,0.00019887,0.00060631,0.0058467,0.00012695,0,0.0058502,0.0020988,0.0027341,0.0028616,0,0.0026748,0.0023048,0,0,0.00058509,0,0.0016544,0,0,0.11626,0,0,0,0,0,0,0,0.0013909,0.0012771,0,0,0,0,0.00035571,0,0,0.0013792,0,0,0,0,0
50,0,0,0,0,6.002e-05,3.7896e-05,0,0.00014831,2.3877e-05,0.00030974,0.00021234,0,0,0.00084106,0.014171,0.00041746,0.0008858,0.0032451,0.0097293,0.00099602,0,5.8084e-05,8.5426e-05,0.0029473,0.071768,0.0020353,0.0017682,0.0065451,0.0040914,8.6702e-05,0.0022781,0.0066833,0.0028107,0.0029219,0.0071198,9.9507e-05,0,0.0061794,4.3684e-05,0.0029223,0.0043518,0.003934,0.0028984,0.011406,0.039207,0,0.021632,0.0065749,0.0051925,0.19788,8.2559e-05,0,0.00012255,0,0,0.010036,0.0047248,0.021738,0.002242,0.0026218,0,0.0064758,0.0041686,0.0019951,0.0042192,0.078701,0.0016179,0.0011168,0.0002898,0.0005904,2.6527e-05,0.024189,0.027993,0.00024235,0.0015027,0.014965,0.0045039,0.0046752,0.029393,0.0051142,0,0.0022794,0.00063353,0.0030248,0.0011927,0.0016699,0.003778,5.2614e-05,0.0013406,0.0081924,0,0.00025763,0,0.0020226,0.0005391,0,0.0013597,0,0.0006124,7.8768e-05
51,0.026046,5.4436e-05,0,0,0.0001014,0,0,2.3863e-05,0,0.0009594,4.7833e-05,0,0.00014574,0.0038872,0,6.9658e-05,0.00043234,0,0.0060636,0,0.4525,0.00013084,0,0.0012499,0.0044878,0.0072084,0,0.0004244,0.0041796,0,0.00031339,0.0036911,3.9905e-05,0.0079678,0,0.015803,0,0.0011128,0.03759,0,0.00076513,0.0012417,0.00027205,0.0016728,0.00060762,0,6.1839e-05,0,0,0,0.093361,0,0.00023006,0,0,0.0017111,0.0016738,0.0015645,3.5819e-05,0.026727,0.0042121,6.2878e-05,0,0.0031933,0.0064352,0.000333,0.00030372,0,0.001152,1.1083e-05,0,0,0,0,2.6866e-05,0,0,0,0,0,0,0,0,0.00023229,0,0.0015965,0,0,0,0,0,0.00013473,0,0,0,0,0,0,0,0
52,0,0.00022055,0,0,0,0.012495,0,0,0,0.00041963,0,0,0.011219,0.0019852,0,0.0023284,0.00020212,0,0.00081399,4.7347e-05,0,6.6267e-05,0,0.00066542,0.0024646,0.0051085,0,0.0002229,0.00027138,0,0.00017856,0.00041215,0.00024252,0.0020879,0,0,0,0.0010247,0.00069772,0,0.002325,0.00036991,0.00059974,0.00051962,0.00019071,0,0.00037583,0.00020411,0,3.3067e-05,0.00028257,0.1876,0.00023303,0,0,0.0010372,0.00069553,0.00087156,0,0.00015209,0.0014933,0.00031845,0,0.00071877,0.00030084,0.00029232,0.00041019,0,0.00071959,0,0,0,0.00023483,0,0.00019049,0,0,0,0,0,0,0,0,0.00015686,0.00011339,0.00015507,0,0,0.00038236,0.002549,0,0.00014696,0,0.00013313,0,0,0,0,0,0
53,0.0099659,5.0189e-05,0,0,0,0,0,2.2002e-05,0,0.00062321,0.00066152,0,0,0.0080715,0,0.0023442,9.1987e-05,0,0.0066347,4.3097e-05,0,0,0,0.0021977,0.0010718,0.014443,0,0.0014202,0.0019762,0,0.00032506,0.004944,0.00053961,0.0092468,0,0.087628,0.00033039,0.00072752,0.15034,0,0.0018298,0.001706,0.000841,0.0015629,0.00070226,0,0,0,0,0.00019063,0.0036009,0,0.26353,0,0,0.00090684,0.0032842,0.0025242,6.605e-05,0.0095524,0.0045632,0.0011981,0.00015742,0.0045798,0.0037425,0.00014328,0.0048538,0,0.0027085,6.4717e-05,0,0,0,0,2.477e-05,0,0,0.00078307,0,0,0,0,0,0.0007853,0.00030964,0.0030247,0.00010603,0,0,0,0,5.7331e-05,0,0,0,0,0,0,0,0
54,0,0,0,0,0,0,0,0,0,1.5474e-05,0.00015275,0,0,3.4773e-05,0,0,0,0,0.00050549,0,0,0,0,6.1886e-06,0.00017267,5.4228e-05,0,0.0004183,0,0,0.00047955,0.00015469,0,0.00020282,1.7245e-05,0,0,8.615e-05,0,0,0.0010945,0.0021511,0.00025552,0.00073602,4.555e-05,0,0,0,0.00052152,0,0,0,0,0.15882,0,6.4541e-05,0.0015076,0.00033307,0,0,0.00011209,6.6933e-05,0,0,0,4.7263e-05,0,0,6.1317e-05,0,0,0,0,0,0.00027169,0,0,0.00036164,0,0,0,0,0,0,0,0,0,0,0,0,0,0,0,0,0,0,0,0,0,0
55,0,0,0,0,0.00028556,0.00039338,0,0.0035372,0,2.791e-05,0,0,0,5.0175e-05,0.0081721,0.0010833,0.0015453,0.0037094,5.6108e-05,0.0052414,0,0.004924,0,0.0002679,0.00029068,0.00052818,0.00086453,0.00012072,0.0015227,0,0.00012034,0.0026897,0,0.00010642,0,0,0,0.00013985,0,0,0.0019465,0.0010845,4.9161e-05,0.00082223,0.00088074,0,9.4987e-05,0,0,0,0.00014283,0,7.0676e-05,0,0.23606,0.00049152,0.00082401,0.0016821,0,0,0.00040437,0,0,0.00063582,0,8.5248e-05,0.00015551,0,0.00039815,0.00045964,0,0,0,0,0,0,0,0,0,0,0,0,0,0,0,0.00031914,0,0,0.0034789,0,0,3.9797e-05,0,0,0,0,0,0,0,0
56,0.0018187,0.00025341,0,0,2.6225e-05,0.00013247,0.00017996,0,0,0.00055263,0.00014845,0,0.00056536,0.00050688,0,0.0007161,0.00041284,0.00060767,0.0096358,0.00029013,0,0,0,0.0022327,0.081447,0.0035572,0.0028552,0.0083415,0.01559,0,0.0018692,0.025977,0.13398,0.0087219,0.082694,0,0,0.03893,0,0.11904,0.04699,0.0026067,0.020511,0.048159,0.035298,0,0.050809,0.05558,0.017604,0.11047,0.0057717,0.0042863,0.00064258,0,0,0.082348,0.0022975,0.013655,0.0020982,0.0038056,0.0005719,0.021368,0.003974,0.0010094,0.0033029,0.054875,0.0031419,0.0028252,0.0036795,0.0043568,0,0.01335,0.034445,0,0.022064,0.030078,0.0099251,0.0015815,0.038713,0.027038,0,0.011304,0.00261,0.0073893,0.0019108,0.0097738,0.030784,2.2989e-05,0.0042467,0.0087862,0,0.00095685,0.074551,0.01035,0.0081266,0,0.017607,0.00014903,0.0041475,0.00043021
57,0,8.7542e-05,0,0,0,0.00013729,0,0.028341,5.4061e-06,0.00022208,0,0,0,0.0049381,0,0.01193,0.013143,0.0016794,0.0056394,0.00015034,0,0.0026303,0,0.0010191,0.00030434,0.012002,0.0056397,0.0025025,0.0032315,0.0014134,0.0024097,0.0035406,0.00088774,0.0061562,0.0040383,0,0,0.00092733,3.9563e-05,0.012209,0.0020956,0.017169,0.0042077,0.00165,0.0013281,0,0,0.00093169,0.0051213,0.0037538,0.00044863,0,0.00022199,0.25742,0,0.003131,0.18504,0.013901,0.00096486,0.00028172,0.015919,0.0072638,0,0.1979,0.00055725,0.00080328,0.00073266,0,0.0027636,0.0008585,0,0,0.0028894,0,0.0026463,0,0,0.0075123,0,0.0046318,0,0.0064255,0.0019672,0.00062261,0.00018003,8.7929e-05,0.0003699,0.0010007,0,0.0040471,0,0.000875,0,0.00022898,0.00024413,0.0057037,0.00011195,0,0.0013866,0.00014268
60,0,0.0014391,0,0,0.030286,0.006972,0,0.013451,0,0.00011666,0.00058711,0,0.0005504,0.0038861,0,0.0068893,0.015402,0.00073949,0.0056561,0.0080323,0,0.00030884,0.011083,0.0008014,0.0042627,0.012506,0.017945,0.00041554,0.0078924,0,0.001387,0.0015641,0.00097959,0.0047918,0,0,0,0.0023497,0,0,0.0016028,0.0011034,0.00015109,0.0014531,0.0010262,0,0,0,0,0.00012329,0.00026339,0.030515,8.6886e-05,0,0,0.0019591,0.0013372,0.048966,0.00011837,9.4512e-05,0.0019885,0,0,0.00066999,0.00028043,0.0007336,0.00028676,0,0.0012509,0.00039066,0.0039212,0,0,0,0,0,0,0.00032076,0,0,0,0,0,0.0021932,0,0.00047493,0,0,0,0.00079201,0,0.00021527,0,0,0,0,0,0,0,0
61,0.0003322,0.00092573,0,0,0.04886,0.019272,0,0.10007,0,0.0010074,0,0,0,0.029414,0,0.054936,0.04615,0.12243,0.0015219,0.0087044,0,0.061358,0,0.0028869,0.0022528,0.064173,0.017965,0.00090884,0.00082012,0,0.0224,0.0059064,0.0050331,0.0071874,0.0029479,0,0,0.012507,0,0,0.0021347,0.0021737,0.00087085,0.0024844,0.0052903,0,0.0032075,8.5672e-05,0,0.00075873,0.0024511,0.061891,0.001878,0,0.004185,0.010328,0.0018246,0.0005321,0.26997,0.00068093,0.0020594,0.023133,0.0014517,0.0028158,0.00016836,0.0011137,0.0034434,5.6296e-05,0.0064488,0.00062512,0,0.1073,0,0.00069631,0,0,0,0,0.0018997,0,0,0,0,0,0.00047594,0.00059509,0,0,0.0017654,0,0,0.00057279,0,0,0,0,0,0,0,0
62,0.043387,0.0001894,0,0,0.00011761,0,0,0,0,0.0021179,0.0095281,0,0,0.0041201,0,0.0030751,0.0023287,0,0.016618,4.066e-05,0,0.031356,0,0.0017194,0.0092419,0.020583,0,0.00039651,0.0049174,0,0.00051113,0.0042346,0.00015042,0.0094018,2.8184e-05,0.023203,0,0.0069342,0.0085597,0,0.0019551,0.0013342,0.0007656,0.00064024,0.00081887,0,0.00069928,4.3821e-05,0,7.5725e-05,0.10111,0,0.047869,0,0,0.0052857,0.0034718,0.00061238,3.1157e-05,0.17184,0.0041219,0.0003464,7.4256e-05,0.0029834,0.057958,0.00034759,0.021752,0.00034554,0.0019374,0,0,0,0,0,0,0,0.00019185,0.00059103,0,0,0,0,0,0.00026941,0,0.0025492,0.00010004,0,0,0.00036484,0,0.00015325,0,0,0,0,6.0551e-05,0,0,0
63,0,0.0052254,0,0,0.00012774,0.0025164,0,0,0,0.00010438,0,0,0.00088123,0.0045924,0,0.0018559,2.5137e-05,0,0.00011044,0,0,0,0,0.003511,0.00036781,3.8505e-05,0,0.00061779,2.025e-05,0.00014762,0.00029609,0.0011972,6.0323e-05,0.0003273,0,0,0,0.0002141,0,0,0.0005241,0.0010857,0.0023465,0.00038774,0.0006986,0,0.00032718,0,0,7.4025e-05,0.00021085,0,0.00024345,0,0,0.0013341,0.0024653,0.00035474,9.4757e-05,3.7831e-05,0.074101,0.0004911,0,0.0055423,0.00029932,0.0006544,0.00038261,0,0.00053696,0.00057243,0,0,0,0,0.00013199,0,0,0,0,0,0,0.00065493,0,0.0011705,0,6.6122e-05,0.00017385,0,0,0,0,0.00031333,0,2.4835e-05,0,0,0,3.6296e-05,0.00013034,6.7057e-05
64,0.0035013,0,0,0,0,1.5939e-05,8.6611e-05,0,4.0169e-05,0.0006785,0.00014289,0,0,0.014979,0.00298,0.0010404,4.9673e-05,0,0.010912,0.00010473,0,0.00024429,0.00057486,0.0032346,0.0075309,0.0063726,0.00012933,0.022914,0.0021209,0,0.004915,0.018243,0.0035861,0.023233,0.011482,0,0,0.0053792,0,0.00063437,0.0033213,0.023982,0.0024739,0.0030816,0.005209,0.0011121,0.0053572,0.074381,0.0069975,0.0010971,0.023195,0,0.011409,0,0,0.0067568,0.0057371,0.0097559,0.0068079,0.0074384,0.0047186,0.16421,0.17488,0.0011482,0.015157,0.0068969,0.033192,0.00024723,0.0042445,0.0011229,0,0,0.00086569,0,0.013292,0.0014336,0.00082359,0,0.0049045,0.00086037,0,0.00067108,0,0.0006361,0.00033441,0.0011107,0.0012024,0,0,0,0,0.00032507,0,0.00062165,0,0,0.00020795,0,0,0
65,0.00018572,0,0,0,0,0,0,0,4.7941e-06,3.6278e-05,0,0,0,0.0006522,0.060699,1.2418e-05,0,0,2.6047e-05,0,0,0,0,4.9746e-05,9.6388e-05,0,0,0.01531,0.0013755,0,8.38e-05,0.0056785,0.00029403,0.001124,0,0,0,0.0010676,0,0,0.00064788,0.014513,0.0029212,0.00030218,0.00094588,0,0,0.0020116,0,0.0048031,0.00092829,0,0.000689,0,0.039833,0.0011145,0.00024482,0.0022311,0,0.00024983,0.00052561,0.036765,0.11633,0,0.0013413,0.00096561,0.001516,0.00051931,0.001109,5.2686e-06,0,0,0,0,0.00045977,0,0.00047182,0,0.048083,0,0,4.5768e-05,0,0,0,0.0014036,0,0,0,0,0,0.00018475,0,4.6859e-05,0,0,0,0,0,0
66,0,0,0,0,0,0.00013258,0,0,0,1.6931e-05,0.00014857,0,0,0.00010146,0,0,0,0,2.8364e-05,0,0,0,0,0.001589,6.2978e-05,0.00017801,0,0.00090319,6.2412e-05,0.00022749,9.1255e-05,0.00033852,0.00011362,6.7251e-05,0,0,0,9.4264e-05,0.00011462,0.00024734,0.00029706,0.00068058,0.0002361,0.00029443,0.00085725,0,0,0,0,0.00014365,0,0,0,0,0,0.00038187,0.002566,0.0003037,0.00055627,0,0.02543,1.6275e-05,0,0.045734,0,0.00024133,0,0,0.00025346,0.0018159,0,0,0,0,5.2154e-05,0,0,0.0001319,0,0,0,0.00089712,0,0,0,0,0,0,0,0,0,0,0,0.00010206,0,0,0,0,0,0
67,0.0048285,0,0,0,0,0,0,1.8825e-05,0,0.00056189,0.00030187,0,0,0.0034015,0,4.1213e-05,0.00014429,0,0.0023341,3.6875e-05,0,5.1609e-05,0,0.00072462,0.0005545,0.011574,0,0.0010416,0.00019022,0,9.2708e-05,0.00069929,0,0.0043316,3.834e-05,0.0006189,0,0.0011651,0.10621,0,0.0024143,0.001863,0.00070694,0.00080937,0.00018903,0,0,0,0,6.8675e-05,0.0040346,0,0.00043557,0,0,0.00079716,0.0013881,0,1.4128e-05,0.0076203,0.0017445,1.6534e-05,6.7343e-05,0.0013995,0.1612,5.2538e-05,0.00087852,0,0.001242,0,0,0,0,0,1.0597e-05,0,0,0.00201,0,0,0,0,0,0.00030541,8.8311e-05,0.010041,0,0,0,0,0,2.4527e-05,0,2.592e-05,0,0,0,0,0,0
68,9.9195e-05,0,0,0,0,0,0,0,0,0.00016055,0,0,0,0.033167,0,0.0052527,0,0,0.0032275,0,0,0,0,0.0038614,0.0028623,0.00073725,0.015994,0.0024185,4.0815e-05,0,0.055991,0.0039073,0.013688,0.000818,0.020842,0,0,0.019187,0,0,0.0063925,0.0055819,0.00053632,0.0092589,0.012125,0,0.097455,0.00088256,0,0.0022462,0.00063746,0,0.0005958,0,0,0.0039563,9.8068e-05,0.001847,0.0051156,0.00030499,0.00080209,0.0056355,0,0.00018017,0.00082951,0.080015,0.0010796,0,0.0025594,0.00036581,0,0,0.005739,0,0.010375,0,0,0,0.00072196,0,0,0,0,0,0,0.00038315,0,0,0,0,0,0.00015788,0,0.0016852,0.060588,0,0,0,0,0
69,0.035748,8.3479e-05,0,0,0,0,0,0,0,0.0011536,0,0,0,0.0039073,0,0.0016424,0.00031875,0,0.014228,0,0,0,0,0.0010966,0.0021144,0.0125,0,0.0007834,0.0020954,0,0.00034543,0.0029862,0.00020398,0.005472,0,0.10201,0,0.0022185,0.00049044,0,0.002035,0.0010454,0.00015951,0.0037282,0.00043966,0,4.7416e-05,0,0,0,0.024741,0,0.0053627,0,0,0.001653,0.00098721,0.00047983,5.4929e-05,0.039836,0.0017763,0.0001125,0,0.00072547,0.05534,0.00025533,0.023521,0,0.00097168,0,0,0,0,0,0,0,0,0,0,0,0,0,0,0,0,0.00041924,0,0,0,0,0,7.9465e-05,0,0,0,0,0,0,0,0
70,0.0004662,0.0012666,0,0,0,0,0,0,1.2034e-05,0.001379,0,0,0,0.0069285,0,0.0019481,0.00068455,0,0.0097745,0,0,0.041336,0,0.00092092,0.0037018,0.0011398,0,0.0018287,0.0017024,0,0.00021035,0.0010404,0.0005714,0.010603,0,0.11194,0,0.012041,0.035051,0,0.0048575,0.00084976,0.00060151,0.0021358,0.0014552,0,0.00033206,0.00027051,0,0.00028242,0.0064079,0,0.0028825,0,0,0.0032316,0.004801,0,0,0.0040314,0.0038639,0.006115,0.00061119,0.0024344,0.0045187,0.00039735,0.0063423,0.094448,0.001409,0,0,0,0,0,0,0,0.0051321,0,0,0,0,0,0,0.00062367,0.0013024,0.0005089,0,0,0,0,0,0.00038955,0,0.00010782,0,0,0,0,0.0015433,0.0001191
71,0,0.00010646,0,0,2.2034e-05,1.3912e-05,0.0001512,9.3335e-05,0,3.3166e-05,6.2362e-05,0,0.00019001,4.2588e-05,0,4.5409e-05,0.00011924,0.00025528,0.00097628,0.00024377,0,8.5294e-05,0,0.0001099,0.015509,0.00031548,0.00031045,0.0011066,0.022024,3.183e-05,0.00038305,0.0049355,0.0057575,0.001897,0.0039181,0,0,0.015682,1.6037e-05,0.00048451,0.0043954,0.0010951,0.0036616,0.007517,0.0070795,0,0.011569,0.0055828,0.0038324,0.073881,0.00054556,0.00045017,8.9984e-05,0,0.00032084,0.0091564,0.00025179,0.0024986,0.00058374,0.00045678,0.0081001,0.00028692,0.00072343,0.00053968,0.00025815,0.0092473,0.00046197,0.00012948,0.15149,0.0028827,0,0.0028042,0.035968,0.00042706,0.0048687,0.020693,0.00028756,0,0,0,0.0013169,0.0050627,0,0.0024733,0.00072975,0.0022526,0.0018742,0,0,0.0016405,0,0.00010134,0,0.0015636,0.0030677,0.001156,0.00045378,4.6956e-05,0.0017986,0.00091089
72,0,3.851e-05,0,0,0.048661,1.5098e-05,0,0.026369,9.5125e-06,0.0056868,0.0041283,0,0.0001031,0.0050839,0,0.057225,0.13069,0.17647,0.0084242,0.2866,0,0.31203,0.23082,0.0052644,0.00068851,0.090043,0.21075,0.052807,0.0017437,0.61589,0.026133,0.027901,0.0013644,0.012511,0.0023495,0,0,0.016002,0,0.089836,0.0042457,0.10203,0.081238,0.019408,0.016129,0,0.0013999,0.0014255,0.022203,0.0079215,0.00085518,0.088133,0.00035806,0,0,0.018944,0.020493,0.059211,0.0071837,0.00014163,0.018847,0,0.00054352,0.02761,0.00049027,0.017794,0.00064459,0,0.025536,0.32596,0,0.012173,0,0,0.0036491,0.0012586,0,0.00012017,0,0,0,0.0065158,0,0,0.00079195,0.00044869,0,0,0.073971,0.0017803,0,0.01448,0,0,0.016001,0,0,0,0,0
73,0.00012139,0.0027399,0,0,0.00031506,0.019217,0,0,0,0.0011923,0.012662,0,0,0.0035929,0,0.0037983,0.0019219,0,0.0037793,0,0,0.0017684,0,0.0012843,0.0012348,0.0069327,0,2.9302e-05,0.0031216,0,0.0017892,0.0030613,0.0014506,0.0020505,0.0073842,0.00020894,0,0.0038284,0.0071086,0,0.014397,0.00070349,0.0074134,0.023098,0.004507,0,0.00086461,0,0,9.1288e-05,0.00086675,0,0.00090066,0,0,0.0060722,0.0016401,0.0059788,0,0.00032657,0.0036317,0.011019,0,0.0024253,0.0012919,0.0011588,0.0016042,0,0.0022729,0,0.26532,0,0,0,0,0,0,0,0,0,0,0,0,0.0018043,0,0.00079504,0,0,0,0,0,0.0016422,0,0.00088818,0,0,0,0,0,0.00056853
74,0,0,0,0,0,0.0012183,0,0,0,4.4856e-05,0.0021771,0,0,5.0399e-05,0,0,5.1311e-05,0,0.00011272,0,0,0,0,5.8304e-05,0.0008968,9.8249e-05,0,1.2126e-05,0.00047537,0,0.00016621,0.00015695,0.00010261,0.00044096,0,0,0,0.00057751,0.00015183,0,0.00029513,5.6345e-05,3.7035e-05,0.00025809,6.6021e-05,0,0,0,0,0,0,0.0024506,7.0992e-05,0,0,0.00016111,0.00019865,0.00048276,0,0,0.00016247,4.8507e-05,0,0.00018247,0,1.7126e-05,0,0,5.9248e-05,0,0,0.073009,0,0,3.1088e-05,0,0,0,0,0,0,0,0,5.9733e-05,0,8.4359e-05,0,0,0,0,0,4.797e-05,0,0,0,0,0,0,0,0
75,0,0,0,0,0,0.00010507,0,0,0,0.00050691,0.0058479,0.00014772,0,0.0025731,0,0.0020576,0.0010915,0.030311,0.061981,0,0,0,0,0.0015789,0.0007542,0.013877,0,0.00024505,0.002638,0,0.0010607,0.00054849,0.00020737,0.0027998,0,0,0,0.00086326,0,0,0.0009417,0.00031962,0,0.00018301,0.0004775,0,0.0010148,0,0,7.143e-05,0.0001526,0.0011333,0.00015102,0,0,0.00075175,0.00049299,0.00051346,0,0.0001232,0.00086403,0,0.00014009,9.7041e-05,0.00032493,0.0030966,0.00041535,0,0.00059866,3.0313e-06,0,0,0.084744,0,0.00069439,0,0,0,0,0,0,0,0,0.0033672,0,0,0,0,0,0,0,0,0,0,0,0,0,0,0,0
76,0,0.00034409,0,0,0.023835,0.0014989,8.1453e-05,0.035951,4.7221e-06,0.00041859,0.00010079,0,0,0.0061028,0,0.0038161,0.014458,0,0.00020524,6.5661e-05,0,0.00022974,0,0.00082889,0.00041773,0.002916,0.040047,0.00012144,0.00071506,0,0.0028889,0.00095941,0.00076607,0.0026399,0,0,0,0.00019895,0,0,0.00078929,0.00039329,0.0073618,0.00042296,0.0037447,0.088454,0.00047776,0.0025829,0,0.00028279,0.00013062,0,0.00016158,0,0,0.0054933,0.00060285,0.0005494,0,7.0306e-05,0.0012573,0.0021492,5.9957e-05,0.00083066,0.00013907,0.0012006,0.00035553,4.6501e-05,0.0024004,1.5568e-05,0,0.0020142,0,0.18627,0,0,0,0,0.0019496,0,0,0,0,0.005384,0,0.00024577,0,0,0,0,0,0.00023292,0,0.00013077,0,0,0,0,0,0
78,0.0031412,0.0016324,0.0056876,0,0.0010136,0.00059826,0.0030998,0.00070005,0.00020162,0.0014594,0.001029,0.0010563,0.0043704,0.0011074,0,0.00043141,0.00056369,0.0035741,0.0017384,0.0013408,0.0015499,0.001706,0.00056453,0.0013871,0.0011632,0.0006476,0.0012701,0.0013424,0.00048905,0.0010504,0.0025921,0.0033631,0.0082379,0.0035683,0.0046787,0.00065758,0.0031927,0.0043395,0.00014434,0.0080986,0.0037098,0.0056186,0.0003547,0.0071829,0.0072082,0,0.00020157,0.00019705,0.027328,0.00077325,0.0021823,0.0031514,0.0011099,0.0048876,0.006738,0.032455,0.0020424,0.0039776,0.00045534,0.0013378,0.0048054,1.3664e-05,0,0.0018504,0.0020008,0.0051521,0.002838,0.0022012,0.0015396,0.026292,0.00068173,0.039262,0,0.0012101,0.047902,0.0016177,0.0050325,0.0045402,0.00035309,0,0,0,0,0,0.00058383,0.00089823,0,0,0.0036913,0.0098434,0.0006727,0.040125,0.00097497,0.00090679,0.0080159,0.0026011,0,0,0,0
79,0.0063526,0,0,0,0,0,0,0,0,0.0018602,0,0,0,0.0028524,0,0,0,0,0.0043336,0,0.0054087,0.0024427,0,0.0038862,0.00027678,0,0,0.00067208,0.0007906,0,0.00081389,0.0028617,0.00062481,0.00079278,0.0045367,0,0,0.0090043,0.00032593,0,0.0018431,0.0011876,0.00062641,0.0013835,0.0020615,0,3.7241e-05,6.0676e-05,0.014217,0.00017039,0.046368,0,0.017706,0,0,0.0020123,0.0032565,0.0018843,0,0.016397,0.019912,0,0,0.0042022,0.019317,0.0019519,0.017986,0.090388,0.001376,0.00013126,0,0,0,0,0.0094406,0.026307,0.054325,0,0.030497,0,0,0.00069576,0,0,0,0.0073757,0,0.00053532,0,0,0,0.00014979,0.0010132,0,0,0,0,0,0,0
80,0,0.0010048,0,0,0,0.0047124,0,0,0,7.2243e-05,0,0,0,0.0014843,0,0.0035361,0.0012986,0,0.0025415,0,0,0.010451,0,0.00032608,0.00072938,0.017487,0,0.00012276,0.0021114,0,0.00020859,0.00040238,0.00080273,0.003591,0,0,0,0.0018243,0,0,0.00062811,0.00050128,0.00010225,0.00050673,0.00026735,0,0,0,0,0,0.021655,0,9.8004e-05,0,0,0.00024393,0.00045705,0,8.9007e-05,0.021676,0.0023924,8.9284e-05,0,0.00041984,0.00014058,9.4568e-05,0.00014376,4.7006e-05,0.00049075,0,0,0,0,0,0,0,0.047448,0,0,0,0,0,0,0,0,0.00020186,0,0,0,0,0,4.4148e-05,0,0,0,0,0,0,0,0
81,0.0035722,0.0015998,0,0,0,0.0015332,0,0,4.391e-06,0.00019462,0.027741,0,0.0015229,0.001344,0,1.1373e-05,0.0020308,8.5254e-05,0.009805,0,0,0.0038882,0,0.00033792,0.0030016,0.01241,0,5.1328e-05,0.00036745,3.1889e-05,0.00019188,0.00038912,0.0022066,0.0011199,1.0581e-05,0,0,0.0038453,0,0,0.0010306,0.00034981,6.2708e-05,0.0010051,0.0001565,0,4.0387e-05,0,0,0.00031271,0.00018219,9.0204e-05,6.0101e-05,0,0,0.00049277,0.00033635,0.00030652,0,0,0.0010316,9.582e-05,5.5753e-05,7.7241e-05,0.00012932,5.7994e-05,0.00013224,0,0.0004389,0,0.00083908,0,0,0,8.7731e-06,0,0,0.095851,0,0,0,0,0,0.00025285,7.3112e-05,0.00024282,0,0,0,0,0,0.0001083,0,7.1531e-06,0,0,0,0,0,0
82,7.621e-05,0,0,0,0,0,0,0,0,0.00020841,0,0,0,0.00042055,0,0,0,0,0.00074816,0,0,0,0,0.00051713,0.0032116,0,0,0.0089224,0.0015679,0,0.00012608,0.0013436,0.002919,0.00067914,0.0024555,0,0,0.011201,0,0,0.0019589,0.0016385,0.00092711,0.0015271,0.00096157,0,0.00068758,0.10592,0,5.0945e-05,0.00048975,0,0.00043082,0,0,0.0016164,0.00015069,0,0,0.00011716,0.00067786,0,0.028525,0,0.00046349,0.002975,0.00071095,0,0.0016967,9.2963e-05,0,0,0.018587,0,0.0027356,0.062141,0,0,0.12496,0,0,0,0,0,0.0063545,0.0011007,0,0,0,0,0,6.0648e-06,0,0.00021151,0,0,0,0,0.0026237,0
83,0.00027179,0.00026508,0,0,2.3514e-05,7.4234e-05,0,3.3202e-05,0.0003274,1.0112e-05,0,0.00025048,0,0.00015907,0,0.00053305,0.00017352,9.081e-05,0.00055905,0.00042273,0,0,0,6.471e-05,0.00062064,7.0879e-05,0.0046082,0.00029524,0.00013047,0,0.0045783,0.00091996,0.00023134,0.00092784,0.00023667,0,0,0.00015483,1.7114e-05,7.3865e-05,0.00033267,0.00035568,0,0.00031033,0.00027982,0,0.00077435,0,0.00066035,0.00019682,0.0017466,0.00028825,0.0011203,0,0,0.00029525,0.00017913,0.001959,3.7377e-05,0.00041783,0.00087907,0,0,8.2276e-05,0.001653,0.0044169,0.0021833,0,0.00029386,0,0,0.0029926,0,0,0.00034576,0,0,0,0,0.054498,0,0.00013395,0,5.3866e-05,7.7877e-05,0.00028908,0,0,0.0001313,0,0,1.4419e-05,0,3.8097e-05,0,0,0,0,0,0
84,0,0.0022013,0,0,0,0.010211,0,0,0,0.00033461,0.016754,0,0.0022667,0.0019103,0,0,0,0,0.010204,0,0,0,0,0.00064019,0.00053822,0.00068141,0.0004579,0.00028359,0.014101,0,0.0029124,0.0037429,0.01113,0.0012285,0.00059466,0,0,0.0077162,0,0.00052846,0.0020231,0.001757,5.9736e-05,0.002581,0.0045789,0,0.0034241,0,0.0013526,0.00083949,0,0,0,0,0,0.0012616,0.0004005,0.0073972,0,0,0.00085168,0,0,7.358e-05,0,0.0014226,0,0,0.0026997,0,0.043906,0,0,0,0.00094437,0,0,0,0,0.00053755,0.36385,7.9864e-05,0,0,6.9646e-05,0.00031295,0,0,0,0,0,3.8686e-05,0,0.00051105,0,0,0,0,0,0
85,0.00082522,0,0,0,0,0,0,0,0,0.00054883,0,0,0,0.005744,0,0.002676,0.00049172,0,0.0016781,0,0,0.0010364,0,0.00167,0.0034548,0.0053129,0.000663,0.0089973,0.0040745,0,0.00095155,0.0014273,0.0014118,0.0078935,0.0033706,0,0,0.015524,0,0,0.0058332,0.0050396,0.0010901,0.0018609,0.0043836,0,0.012278,0.0025538,0,0.0005344,0.0058924,0.00014587,0.004665,0,0,0.0033333,0.0021076,0.0011153,0.1159,0.0016122,0.0037812,0.0061536,0,0.0011241,0.0072668,0.0025086,0.0077518,0,0.0025956,0.00023605,0,0.0090863,0.0029993,0,0.0076254,0,0,0,0.001001,0,0,0.03008,0,0,0,0.00054279,0,0,0,0,0,0.00018059,0,0,0,0,0,0,0,0
86,0.00023821,0.00033191,0,0,0,0,0,0.00010185,0,4.4316e-05,0,0,0,0.00049793,0,0,0,0,0.0010691,0.00028501,0,0.0013961,0,0.00042537,0.00087364,0.0023296,0,0.00058462,0.0036102,0.00074429,0.0013495,0.00069998,0.0019546,0.00025347,0.00162,0,0.0007283,0.0026893,0,0.007704,0.0039071,0.0017071,0.0010245,0.0027879,0.00037048,0,0.0018852,0.00046075,0.0025018,7.962e-05,0.00039688,0,0.00028055,0,0.00030009,0.0012076,0.00020934,0.0024801,0,0.00091552,0.00077047,0,0,0.00014422,0.00042255,0.00089336,0.00067902,0.00060553,0.00069072,7.6586e-05,0,0,0.0013429,0.00023301,9.8286e-05,0.00057095,0,0.0010357,0,0,0,0,0.22139,0.00018885,0,0.0020403,0.0011921,0.0014092,0.00034524,0.0007672,0,6.319e-05,0,0,0,0.0072984,0,0,0.00078856,0
87,0.00043591,0,0,0,0,0,0,0,0,4.4602e-05,0.00074717,0,0,0.00021868,0,0,0,0.016458,0.03992,0,0,0,0,0.0001427,0.0039364,0,0,0.00016661,0.0028697,0,0.0064797,0.0013539,0.0019665,0.0014301,6.3265e-05,0,0,0.0077882,0,0,0.0026811,0.00050254,5.3565e-05,0.0021402,0.0022344,0,0.0046573,0,0,0.00043102,0.0039426,0,0.00051338,0,0,0.0005487,0.0002873,0.00048002,0,0.001089,0.00035248,0,0,6.5979e-05,0.004308,0.0012137,0.0052526,0,0.0007498,2.061e-05,0,0,0.077342,0,0.001851,0,0,0,0,0,0,0.00010742,0.0089852,0.10937,0,0.00085407,0.00089822,0,0,0,0,7.5161e-05,0,0,0,0,0.00042717,2.679e-05,0,0
88,0,0,0,0,0,0,0.02668,0,0,2.9334e-05,0,0,0,0.016649,0,0.00028114,0,0,6.3183e-05,0,0,0.00022632,0,0.0013006,0.00018705,1.4686e-05,0,0.0062896,9.2685e-05,2.8153e-05,0.00010164,0.00076247,0.0021704,0.0019475,0.00028023,0,0,0.0019715,0,0,0.0015854,0.031023,0.0025835,0.00018004,0.00092766,0,0.00035655,0,0,4.392e-05,0.0015012,0,0.00013265,0,0,0.00053991,0.00017321,0.00040591,0,5.7716e-05,0.0007893,0.027033,0,6.8191e-05,0.00011417,0.00053759,0.00017512,0,0.0010738,0,0,0,0,0,0,0.00010798,0,0,0.00023421,0,0,9.2518e-05,0,0,0.18124,0.0036569,0,0,0,0,0,0.0013146,0,0,0,0,0,0,0,0
89,0.042354,0,0,0,0,0.00010043,0,0,0,0.00331,0,0,0,0.012434,0,0,0,0,0.0088811,0,0.047513,0.0044127,0,0.0046417,0.0011874,0.00059932,0,0.0011506,0.00063039,0,0.0015055,0.0018464,0.0028168,0.0030702,0.0022193,0.025609,0,0.0075851,0.00045021,0,0.0068135,0.0056393,0.0004602,0.0014811,0.0022911,0,0.00045267,0.0031609,0.0085495,0.00065432,0.058248,0.0011555,0.081702,0,0,0.0041846,0.0079885,0.0014724,0,0.1002,0.019106,0.0016658,0,0.0016078,0.044777,0.0028903,0.13229,0.34116,0.003835,0.00012749,0,0,0,0,0.014946,0.00014688,0.23284,0.020073,0.0012744,0.00030118,0,0.0014431,0,0,0,0.024746,0,0,0,0.005044,0,0.0004335,0,0.00056695,0,0,0.0054596,0,0,0
90,0.00020664,0.00014396,0.0017748,0,0,0,0.00018402,0,0,0.00057278,5.0598e-05,0,0,0.0016413,0,2.7632e-05,0,0,0.00090803,0.00012361,0,0.00086505,0,0.00031056,0.0044756,0.0003368,0,0.0014382,0.0058949,0.00038738,0.0024241,0.00093001,0.00010553,6.413e-05,0.0040444,0,0.0008213,0.0050081,0,0,0.0060576,0.00074686,7.6175e-05,0.004471,0.0017427,0,0.0009158,0.0037836,0.0055873,0,0.00059019,7.305e-05,0.00041372,0,0,0.0010796,0.00052207,8.2745e-05,3.789e-05,0.00082064,0.001838,0,0,0,0.00062836,0.0013503,0.00085674,0.013972,0.00058901,1.3678e-05,0.00047408,0,0,0,0,0,0.0053661,0.00026953,0,0,0,0,0,0.0020886,0,0.0026142,0.06764,0.0015828,0.00059896,0.0022184,0,4.3851e-05,0,5.7929e-05,0,0,0,0,9.1205e-05,0
91,0.00022799,0,0,0,0,0,0,0,0,0.00016541,0.0012003,0,0.00068037,0.0010103,0,2.0325e-05,0,0,0.00081001,0,0,0,0,0.00079048,0.0024927,0,0.001617,0.00048615,0.027126,0,0.034782,0.0021285,0.0070636,0.0013747,0.0064571,0,0.0025094,0.039305,0,0.0017349,0.0060556,0.0059387,0.0018677,0.0061434,0.0027917,0,0.0030313,0.00061736,0.0012151,0.0001397,0.0012481,0,0.00085923,0.00175,0,0.0012266,0.00062611,0.0014151,0.00036579,0.00052574,0.00073741,0.00036693,0,0.00027607,0.001271,0.0053633,0.0019496,0,0.0035407,2.587e-05,0,0,0.00081173,0,0.0071491,0.0023497,0.040157,0,0.00063214,0.00067229,0,0.00022473,0.045388,0,0,0.0040075,0.014161,0.3004,0,0,0.00090325,0.00013305,0,0.00017896,0.00053151,0.00051742,0.038997,0,0.010063,3.883e-05
92,0,0,0,0,0.00093773,0.0027827,0,0.0034028,0,0.00018147,0.00058388,0,0,0.0017943,0,0.0003865,0.0020851,0.0014486,0.0018038,0.037269,0,0,0,0.00049676,0.001065,0.0020493,0,0.00055816,0.0012933,8.1276e-05,0.00024996,0.00047572,2.9521e-05,0.0017299,0,0,0,0.0014818,8.1899e-05,0,0.0005572,0.00052683,2.6637e-05,0.00012375,0.00021368,0,0,0.00030747,0,1.8113e-05,0.00030957,0.025212,0.0002553,0,0,0.00077748,0.00042862,0.00017361,0.0025637,0.00013885,0.00052585,0,0,0.00039373,0.00027466,0.00044343,0.00050556,0,0.0004794,6.1494e-06,0,0.0055693,0,0,0.00082732,0,0,0,0,0,0,0,0,0,0.00018634,0.0002427,0,0,0.048801,0,0,9.2004e-05,0,0,0,0,0,0,0,0
93,0,0,0,0,0,0,0,0,0,4.2682e-05,0,0,0,0.00034529,0,8.1813e-05,9.7649e-06,0,8.5804e-05,0,0,0,0,7.1695e-05,0.0011907,2.9916e-05,0,6.4614e-05,0.000236,0,6.9014e-05,0.00017921,0.00017966,0.00033567,9.5138e-06,0,0,0.00078418,1.4447e-05,0,0.0002387,7.1487e-05,0,5.2392e-05,0.00014072,0,3.6315e-05,0,0,1.9171e-05,0,0.09733,0,0,0,0.00085453,0.00017642,0.00064311,0,0,0.00012368,0.00083697,0,0,0,7.822e-05,0.00011891,0,0.00011275,2.1695e-06,0,0.00084207,0,0,0,0,0,0,0,0,0,0,0,0.00095489,0,0.00012843,0,0,0,0.012069,0,2.4344e-05,0,1.9296e-05,0,0,0,0,0,0
94,0,0,0,0,0,0,0,0,0,4.9391e-05,0,0,0,0.00042811,0,0,0,0,0.0010816,0,0,0,0,8.1837e-05,0.00027558,1.2364e-05,0,0.00016785,2.601e-05,0,0.00048488,0.00014813,0,0.00017656,0.00053474,0,0.00092768,0.0010999,0,0,0.0001973,0.00089815,0,0.00028149,0.00029494,0,0,0,0.00026753,0,0,0,4.4669e-05,0,0,0.00028449,0.00033331,0.0030376,0,0,0.0012267,0,0,5.7408e-05,4.8056e-05,0.00046336,4.9142e-05,0,0.00016776,1.7932e-06,0.010152,0,0,0,0.00046295,0,0,0.0001649,0,0,0,0,0,0,0,0,0,0,0,0,0.022039,1.0061e-05,0,0.00021265,0,0,3.3789e-05,0,0,0
95,0.00018256,0.00053416,0.0001568,0,0,0.00045874,0.00048772,0,0,0.0019494,0.00069288,0,0.0031326,0,0,0.0025551,0.024413,0.0076246,0.021063,0.00030579,0,0.0040964,0.0002248,0.0029828,0.025139,0.00244,0.01489,0.02025,0.010366,0.0051564,0.11092,0.0083115,0.01189,0.0072602,0.012286,0.00020948,0,0.017481,0,0.03344,0.0058433,0.0028214,0.010521,0.042606,0.012385,0,0,0.0072033,0.011446,0.00020339,0.0027374,0.0027106,0.0023221,0.18953,0.060256,0.01652,0.027414,0.0030703,0.0050379,0.00014033,0.021257,0.0026149,0.0013164,0.052225,0.00018505,0.02834,0.00018923,0,0.00064598,0.012371,0.0043839,0.17287,0.057253,0.13158,0.025509,0.021703,0.00092756,0.01389,0.0093959,0.20699,0,0.0050237,0.016862,0.016028,0.046817,0.010649,0.012575,0.0047491,0.079993,0.1025,0.00048217,0.0017434,0,0.034883,0.00049654,0.06857,0.017825,0.00020195,0.0082995,0.0013577
96,0.00019392,0,0,0,0,0,0,0,0,0.00036437,0,0,0,0.0023672,0,0.00019016,0,0,0.001795,0,0,0,0,0.00017891,0.00034889,0,0,1.5604e-05,1.3298e-05,0,0.00022361,0.00019475,0.0045952,8.5976e-05,0.00098907,0.00016689,0.00029644,0.0069896,0.00029306,0,0.00014242,0.0012568,0,0.0014281,0.0011257,0,0.0050952,0,0.0025989,0.00017284,0.0010154,0,0.00057096,0,0,0.00052164,0.0014911,0.0021355,0,0.00077013,0.00099309,0,0,0.00088055,0.0014742,0.0028759,0.001005,0.00036149,0.00025732,0,0,0.00071174,0,0,0.0017136,0,0.00098528,0,0,0,0,0,0,0,0,0.00054278,0.00074209,0.0028826,0,0.0010409,0,4.6296e-05,0.12016,0,0,0,0,0,0.0016262,0
97,0.0030349,0,0.00065164,0,0,0.00011398,0,0,1.3057e-05,0.0018878,0.00090569,0,0.00028302,0.0063754,0,0,0.0007185,0.0055137,0.01628,0.0023602,0,0.0047008,0,0.0026899,0.0035701,0.0028566,0.002102,0.0087988,0.0079736,0.0056894,0.025162,0.012107,0.0053536,0.011252,0.0089036,0.0040266,0,0.010157,0,0.021084,0.0084974,0.017801,0.0014995,0.0039524,0.0054056,0,0.00015011,0,0.024752,0.00019548,0.014763,0.0029504,0.0085112,0.015288,0,0.0069796,0.0031046,0.0074055,0.00056518,0.011567,0.013088,0.00022387,0,0.0052826,0.010046,0.0040309,0.025903,0,0.0023771,0.0015784,0.00047869,0,0.069897,0,0.021861,0.002114,0.012207,0.033647,0.0062781,0.0089491,0,0.0082267,0.0038603,0.029209,0.0083699,0.014027,0.016806,0.0026038,0.028498,0.012014,0,1.5095e-05,0,0.0814,0.0008844,0.012699,0,0,0.0030558,0
98,0,0,0,0,0,0,0,0,0,0.00017677,0,0,0,0.00016489,0,0,0,0,0.00077108,0,0,0,0,0.00049089,0.00027294,0,0,0.0001082,0.001291,0,0.00075503,0.0014871,0.00024416,0.00018282,0.00075832,0,0,0.0030733,0,0,0.0026224,0.00049159,0.00012484,0.0014944,0.0017477,0,0.0038594,0,0.0044263,0.0017328,0,0,0,0,0,0.0041055,0.00027572,0.00014359,0,0,0.00053156,1.9237e-05,0,5.4273e-05,0,0.0010595,0,0,0.00068727,0.00053912,0,0,0,0,0.0022993,0,0,0,6.2138e-05,0,0,0,0,0,0,0.00019069,0,0,0,0,0,0,0,0,0.023964,0,0,0,0,0
99,0,0,0,0,6.6705e-05,0,0,0.00023546,0,0.00015778,0,0,0.0002157,0.00051571,0,0,0,0,0.00032438,0,0,0.00045187,0,0.00026674,6.669e-05,0,0.00023496,0.00027917,0.00031723,0.00074678,0.00044451,0.00036564,0.00038062,5.1274e-05,0.00042361,0,0.00035358,0.00094829,0,0.0014144,0.00034209,0.00028828,2.3685e-05,0.00014305,0.00032511,0,0,0,0.0049248,0,0,0.00020442,6.8102e-05,0,0,2.9913e-05,0.00052933,0.00061747,7.0686e-05,0,0.0014547,0,0,0.00017505,0,0.00028476,4.9948e-05,0.00042463,8.5255e-05,0.00018226,0,0.0014149,0.004232,0.00010774,0.00015906,0,0.0016322,0.00067043,0,0.0011367,0,0,0.0031181,0.00099323,0.00077322,0.0010143,0.00034044,0.00086249,0.00027935,0,0,1.0226e-05,0,0,0,0.040026,0,0,0.0013187,0
100,0.0001207,0,0,0,0,0,0,0,0,0.00082858,0,0,0,0.0021647,0,4.0351e-05,0.00020806,0,0.0019975,0.0019279,0,0.0039413,0,0.00059002,0.00058884,0.00064922,0.0024678,0.0020177,0.00057113,0,0.0010529,0.00050508,0.00013561,0.0011238,0.0010736,0.00010388,0.00011071,0.0025503,0,0,0.0032023,0.0019406,0.00043754,0.00044446,0.00064249,0,0.0028944,2.3346e-05,0.0010075,0.00018659,0.0006033,0.0073607,0.00051175,0,0,0.0017795,0.00067621,0.0012688,9.9595e-05,0.00055667,0.0018056,0.0015152,0,0.00087693,0.00087172,0.0023456,0.0012668,9.2046e-05,0.00062286,1.3696e-05,0,0.018606,0,0,0.003125,0,0.00020442,0.049829,0,0.00026694,0,0.00092208,0,0,0,0.0002027,0,0,0,0.057145,0,2.4014e-05,0,0.00018272,0,0,0.037324,0,0,0
101,0.0044551,0,0,0,0,0,0,0,0,0.00097413,6.7247e-05,0,0,0.0069498,0,0,7.7925e-06,0.0014682,0.0045705,0,0,0,0,0.0013431,0.0021664,0.00089524,0.0013391,0.0028948,0.0022725,0,0.0067648,0.01693,0.00069815,0.0067211,0.004745,0.0060926,0,0.0051106,0.00055338,0.010996,0.0092441,0.0037765,0.00044996,0.0054979,0.0035132,0,0,0,0.0092697,0,0.011243,0,0.0090132,0,0,0.0023267,0.0027553,0.0058285,0.0026521,0.014566,0.011153,0.00023573,0,0.0033808,0.0040364,0.0058987,0.0081129,0.00040335,0.0013047,0.00060941,0.0008121,0,0.0049976,0,0.0068365,0.0064727,0.0076486,0.027304,0,0.020246,0,0.0025868,0.0052548,0.0082732,5.2461e-05,0.0077688,0.01315,0.0010553,0.010083,0.0171,0,0,0,0.0053328,0,0.0066482,0.0024466,0.13667,0.0016162,0
102,0.0013902,0,0,0,0,0,0,0,8.6122e-06,0.0010055,0,0,0,0.0058023,0,0.0012641,8.52e-05,0.00072458,0.003946,0,0,0,0,0.0014571,0.0011082,4.3504e-05,0.0010167,0.0011812,0.0020363,0.0012926,0.0012963,0.0012534,0.0024763,0.00060647,0.0031336,0.0014357,0.00040802,0.0037234,0,0.0030375,0.0026851,0.0029731,0.0046737,0.0030094,0.0011255,0,7.9213e-05,0.0011831,0.011218,4.6464e-05,0.0054395,0.0008846,0.0008841,0.0012805,0,0.00046599,0.0019424,0.003507,0.0012618,0.0045948,0.0062498,0,0,0.0014645,0.0042273,0.001327,0.0048415,0.0079155,0.00078704,0.00020191,0,0.0018368,0.011829,0,0.0031776,0.0002399,0.013373,0.0023935,0,0.0030744,0,0.00010962,0.01889,0.0044964,0.0015296,0.0052295,0.0044686,0.00167,0.003143,0.0085962,0,4.8676e-05,0.0075831,4.6766e-05,0,0.036345,0,0,0.035048,0.00018941
103,0.0018392,0.01296,0,0,0,0,0.022509,0,0,0.0046866,0.047365,0,5.8807e-05,0.0079745,0,0,0.0010333,0,0.018616,0,0,0.0017159,0,0.0042977,0.0063381,0.0068349,0.0006988,0.0064694,0.0086812,0.0014186,0.1075,0.031876,0.00038108,0.015642,0.010786,0.0022612,0,0.0041719,0.00031766,0.022408,0.010864,0.015669,0.019624,0.023841,0.0074868,0,0,0.0013213,0.019225,1.3173e-05,0.0087427,0.011425,0.0084849,0,0,0.0022753,0.023604,0.16195,0.00172,0.0079977,0.010113,0,0.0009645,0.029827,0.0036354,0.014019,0.0064954,0,0.00082125,0.0020274,0.23317,0,0.063519,0,0.015112,0.0052521,0,0.0098701,0.0023494,0.095763,0,0.0032763,0.0014808,0,0.021908,0.014049,0,0.00064564,0.021934,0.070574,0,0.00079456,0,0.00085738,0,0.017889,0.019915,0.020007,0,0.014745
